"Statistic","Year","Local Government District","Pay Rate","Working Pattern","All Persons","Females","Males"
"Number of Jobs (Thousands)",2014,"Northern Ireland","Hourly (excluding overtime)","All",722,354,367
"Number of Jobs (Thousands)",2014,"Northern Ireland","Hourly (excluding overtime)","Full-Time",497,191,305
"Number of Jobs (Thousands)",2014,"Northern Ireland","Hourly (excluding overtime)","Part-Time",225,163,62
"Number of Jobs (Thousands)",2014,"Northern Ireland","Weekly","All",722,354,367
"Number of Jobs (Thousands)",2014,"Northern Ireland","Weekly","Full-Time",497,191,305
"Number of Jobs (Thousands)",2014,"Northern Ireland","Weekly","Part-Time",225,163,62
"Number of Jobs (Thousands)",2014,"Antrim and Newtownabbey","Hourly (excluding overtime)","All",49,26,23
"Number of Jobs (Thousands)",2014,"Antrim and Newtownabbey","Hourly (excluding overtime)","Full-Time",33,14,19
"Number of Jobs (Thousands)",2014,"Antrim and Newtownabbey","Hourly (excluding overtime)","Part-Time",15,12,NA
"Number of Jobs (Thousands)",2014,"Antrim and Newtownabbey","Weekly","All",49,26,23
"Number of Jobs (Thousands)",2014,"Antrim and Newtownabbey","Weekly","Full-Time",33,14,19
"Number of Jobs (Thousands)",2014,"Antrim and Newtownabbey","Weekly","Part-Time",15,12,NA
"Number of Jobs (Thousands)",2014,"Armagh City, Banbridge and Craigavon","Hourly (excluding overtime)","All",76,40,36
"Number of Jobs (Thousands)",2014,"Armagh City, Banbridge and Craigavon","Hourly (excluding overtime)","Full-Time",51,21,30
"Number of Jobs (Thousands)",2014,"Armagh City, Banbridge and Craigavon","Hourly (excluding overtime)","Part-Time",25,19,6
"Number of Jobs (Thousands)",2014,"Armagh City, Banbridge and Craigavon","Weekly","All",76,40,36
"Number of Jobs (Thousands)",2014,"Armagh City, Banbridge and Craigavon","Weekly","Full-Time",51,21,30
"Number of Jobs (Thousands)",2014,"Armagh City, Banbridge and Craigavon","Weekly","Part-Time",25,19,6
"Number of Jobs (Thousands)",2014,"Belfast","Hourly (excluding overtime)","All",198,90,108
"Number of Jobs (Thousands)",2014,"Belfast","Hourly (excluding overtime)","Full-Time",147,53,94
"Number of Jobs (Thousands)",2014,"Belfast","Hourly (excluding overtime)","Part-Time",51,37,14
"Number of Jobs (Thousands)",2014,"Belfast","Weekly","All",198,90,108
"Number of Jobs (Thousands)",2014,"Belfast","Weekly","Full-Time",147,53,94
"Number of Jobs (Thousands)",2014,"Belfast","Weekly","Part-Time",51,37,14
"Number of Jobs (Thousands)",2014,"Causeway Coast and Glens","Hourly (excluding overtime)","All",37,22,15
"Number of Jobs (Thousands)",2014,"Causeway Coast and Glens","Hourly (excluding overtime)","Full-Time",23,12,11
"Number of Jobs (Thousands)",2014,"Causeway Coast and Glens","Hourly (excluding overtime)","Part-Time",14,10,NA
"Number of Jobs (Thousands)",2014,"Causeway Coast and Glens","Weekly","All",37,22,15
"Number of Jobs (Thousands)",2014,"Causeway Coast and Glens","Weekly","Full-Time",23,12,11
"Number of Jobs (Thousands)",2014,"Causeway Coast and Glens","Weekly","Part-Time",14,10,NA
"Number of Jobs (Thousands)",2014,"Derry City and Strabane","Hourly (excluding overtime)","All",63,38,25
"Number of Jobs (Thousands)",2014,"Derry City and Strabane","Hourly (excluding overtime)","Full-Time",38,18,20
"Number of Jobs (Thousands)",2014,"Derry City and Strabane","Hourly (excluding overtime)","Part-Time",25,19,5
"Number of Jobs (Thousands)",2014,"Derry City and Strabane","Weekly","All",63,38,25
"Number of Jobs (Thousands)",2014,"Derry City and Strabane","Weekly","Full-Time",38,18,20
"Number of Jobs (Thousands)",2014,"Derry City and Strabane","Weekly","Part-Time",25,19,5
"Number of Jobs (Thousands)",2014,"Fermanagh and Omagh","Hourly (excluding overtime)","All",32,18,14
"Number of Jobs (Thousands)",2014,"Fermanagh and Omagh","Hourly (excluding overtime)","Full-Time",20,9,11
"Number of Jobs (Thousands)",2014,"Fermanagh and Omagh","Hourly (excluding overtime)","Part-Time",12,9,NA
"Number of Jobs (Thousands)",2014,"Fermanagh and Omagh","Weekly","All",32,18,14
"Number of Jobs (Thousands)",2014,"Fermanagh and Omagh","Weekly","Full-Time",20,9,11
"Number of Jobs (Thousands)",2014,"Fermanagh and Omagh","Weekly","Part-Time",12,9,NA
"Number of Jobs (Thousands)",2014,"Lisburn and Castlereagh","Hourly (excluding overtime)","All",47,22,25
"Number of Jobs (Thousands)",2014,"Lisburn and Castlereagh","Hourly (excluding overtime)","Full-Time",32,11,21
"Number of Jobs (Thousands)",2014,"Lisburn and Castlereagh","Hourly (excluding overtime)","Part-Time",16,11,5
"Number of Jobs (Thousands)",2014,"Lisburn and Castlereagh","Weekly","All",47,22,25
"Number of Jobs (Thousands)",2014,"Lisburn and Castlereagh","Weekly","Full-Time",32,11,21
"Number of Jobs (Thousands)",2014,"Lisburn and Castlereagh","Weekly","Part-Time",16,11,5
"Number of Jobs (Thousands)",2014,"Mid and East Antrim","Hourly (excluding overtime)","All",51,22,29
"Number of Jobs (Thousands)",2014,"Mid and East Antrim","Hourly (excluding overtime)","Full-Time",36,12,24
"Number of Jobs (Thousands)",2014,"Mid and East Antrim","Hourly (excluding overtime)","Part-Time",15,11,5
"Number of Jobs (Thousands)",2014,"Mid and East Antrim","Weekly","All",51,22,29
"Number of Jobs (Thousands)",2014,"Mid and East Antrim","Weekly","Full-Time",36,12,24
"Number of Jobs (Thousands)",2014,"Mid and East Antrim","Weekly","Part-Time",15,11,5
"Number of Jobs (Thousands)",2014,"Mid Ulster","Hourly (excluding overtime)","All",50,21,29
"Number of Jobs (Thousands)",2014,"Mid Ulster","Hourly (excluding overtime)","Full-Time",34,11,23
"Number of Jobs (Thousands)",2014,"Mid Ulster","Hourly (excluding overtime)","Part-Time",15,10,5
"Number of Jobs (Thousands)",2014,"Mid Ulster","Weekly","All",50,21,29
"Number of Jobs (Thousands)",2014,"Mid Ulster","Weekly","Full-Time",34,11,23
"Number of Jobs (Thousands)",2014,"Mid Ulster","Weekly","Part-Time",15,10,5
"Number of Jobs (Thousands)",2014,"Newry, Mourne and Down","Hourly (excluding overtime)","All",49,23,27
"Number of Jobs (Thousands)",2014,"Newry, Mourne and Down","Hourly (excluding overtime)","Full-Time",32,11,21
"Number of Jobs (Thousands)",2014,"Newry, Mourne and Down","Hourly (excluding overtime)","Part-Time",17,11,6
"Number of Jobs (Thousands)",2014,"Newry, Mourne and Down","Weekly","All",49,23,27
"Number of Jobs (Thousands)",2014,"Newry, Mourne and Down","Weekly","Full-Time",32,11,21
"Number of Jobs (Thousands)",2014,"Newry, Mourne and Down","Weekly","Part-Time",17,11,6
"Number of Jobs (Thousands)",2014,"Ards and North Down","Hourly (excluding overtime)","All",30,17,13
"Number of Jobs (Thousands)",2014,"Ards and North Down","Hourly (excluding overtime)","Full-Time",18,8,10
"Number of Jobs (Thousands)",2014,"Ards and North Down","Hourly (excluding overtime)","Part-Time",12,9,NA
"Number of Jobs (Thousands)",2014,"Ards and North Down","Weekly","All",30,17,13
"Number of Jobs (Thousands)",2014,"Ards and North Down","Weekly","Full-Time",18,8,10
"Number of Jobs (Thousands)",2014,"Ards and North Down","Weekly","Part-Time",12,9,NA
"Number of Jobs (Thousands)",2015,"Northern Ireland","Hourly (excluding overtime)","All",792,394,398
"Number of Jobs (Thousands)",2015,"Northern Ireland","Hourly (excluding overtime)","Full-Time",553,219,334
"Number of Jobs (Thousands)",2015,"Northern Ireland","Hourly (excluding overtime)","Part-Time",239,175,64
"Number of Jobs (Thousands)",2015,"Northern Ireland","Weekly","All",792,394,398
"Number of Jobs (Thousands)",2015,"Northern Ireland","Weekly","Full-Time",553,219,334
"Number of Jobs (Thousands)",2015,"Northern Ireland","Weekly","Part-Time",239,175,64
"Number of Jobs (Thousands)",2015,"Antrim and Newtownabbey","Hourly (excluding overtime)","All",55,29,26
"Number of Jobs (Thousands)",2015,"Antrim and Newtownabbey","Hourly (excluding overtime)","Full-Time",39,16,23
"Number of Jobs (Thousands)",2015,"Antrim and Newtownabbey","Hourly (excluding overtime)","Part-Time",16,13,NA
"Number of Jobs (Thousands)",2015,"Antrim and Newtownabbey","Weekly","All",55,29,26
"Number of Jobs (Thousands)",2015,"Antrim and Newtownabbey","Weekly","Full-Time",39,16,23
"Number of Jobs (Thousands)",2015,"Antrim and Newtownabbey","Weekly","Part-Time",16,13,NA
"Number of Jobs (Thousands)",2015,"Armagh City, Banbridge and Craigavon","Hourly (excluding overtime)","All",87,47,40
"Number of Jobs (Thousands)",2015,"Armagh City, Banbridge and Craigavon","Hourly (excluding overtime)","Full-Time",60,25,35
"Number of Jobs (Thousands)",2015,"Armagh City, Banbridge and Craigavon","Hourly (excluding overtime)","Part-Time",27,21,6
"Number of Jobs (Thousands)",2015,"Armagh City, Banbridge and Craigavon","Weekly","All",87,47,40
"Number of Jobs (Thousands)",2015,"Armagh City, Banbridge and Craigavon","Weekly","Full-Time",60,25,35
"Number of Jobs (Thousands)",2015,"Armagh City, Banbridge and Craigavon","Weekly","Part-Time",27,21,6
"Number of Jobs (Thousands)",2015,"Belfast","Hourly (excluding overtime)","All",229,110,119
"Number of Jobs (Thousands)",2015,"Belfast","Hourly (excluding overtime)","Full-Time",170,67,103
"Number of Jobs (Thousands)",2015,"Belfast","Hourly (excluding overtime)","Part-Time",59,43,16
"Number of Jobs (Thousands)",2015,"Belfast","Weekly","All",229,110,119
"Number of Jobs (Thousands)",2015,"Belfast","Weekly","Full-Time",170,67,103
"Number of Jobs (Thousands)",2015,"Belfast","Weekly","Part-Time",59,43,16
"Number of Jobs (Thousands)",2015,"Causeway Coast and Glens","Hourly (excluding overtime)","All",41,25,16
"Number of Jobs (Thousands)",2015,"Causeway Coast and Glens","Hourly (excluding overtime)","Full-Time",26,14,12
"Number of Jobs (Thousands)",2015,"Causeway Coast and Glens","Hourly (excluding overtime)","Part-Time",15,11,NA
"Number of Jobs (Thousands)",2015,"Causeway Coast and Glens","Weekly","All",41,25,16
"Number of Jobs (Thousands)",2015,"Causeway Coast and Glens","Weekly","Full-Time",26,14,12
"Number of Jobs (Thousands)",2015,"Causeway Coast and Glens","Weekly","Part-Time",15,11,NA
"Number of Jobs (Thousands)",2015,"Derry City and Strabane","Hourly (excluding overtime)","All",58,33,25
"Number of Jobs (Thousands)",2015,"Derry City and Strabane","Hourly (excluding overtime)","Full-Time",38,18,20
"Number of Jobs (Thousands)",2015,"Derry City and Strabane","Hourly (excluding overtime)","Part-Time",20,15,5
"Number of Jobs (Thousands)",2015,"Derry City and Strabane","Weekly","All",58,33,25
"Number of Jobs (Thousands)",2015,"Derry City and Strabane","Weekly","Full-Time",38,18,20
"Number of Jobs (Thousands)",2015,"Derry City and Strabane","Weekly","Part-Time",20,15,5
"Number of Jobs (Thousands)",2015,"Fermanagh and Omagh","Hourly (excluding overtime)","All",38,21,18
"Number of Jobs (Thousands)",2015,"Fermanagh and Omagh","Hourly (excluding overtime)","Full-Time",24,10,14
"Number of Jobs (Thousands)",2015,"Fermanagh and Omagh","Hourly (excluding overtime)","Part-Time",14,10,NA
"Number of Jobs (Thousands)",2015,"Fermanagh and Omagh","Weekly","All",38,21,18
"Number of Jobs (Thousands)",2015,"Fermanagh and Omagh","Weekly","Full-Time",24,10,14
"Number of Jobs (Thousands)",2015,"Fermanagh and Omagh","Weekly","Part-Time",14,10,NA
"Number of Jobs (Thousands)",2015,"Lisburn and Castlereagh","Hourly (excluding overtime)","All",54,26,28
"Number of Jobs (Thousands)",2015,"Lisburn and Castlereagh","Hourly (excluding overtime)","Full-Time",38,15,22
"Number of Jobs (Thousands)",2015,"Lisburn and Castlereagh","Hourly (excluding overtime)","Part-Time",17,11,6
"Number of Jobs (Thousands)",2015,"Lisburn and Castlereagh","Weekly","All",54,26,28
"Number of Jobs (Thousands)",2015,"Lisburn and Castlereagh","Weekly","Full-Time",38,15,22
"Number of Jobs (Thousands)",2015,"Lisburn and Castlereagh","Weekly","Part-Time",17,11,6
"Number of Jobs (Thousands)",2015,"Mid and East Antrim","Hourly (excluding overtime)","All",53,22,31
"Number of Jobs (Thousands)",2015,"Mid and East Antrim","Hourly (excluding overtime)","Full-Time",39,12,27
"Number of Jobs (Thousands)",2015,"Mid and East Antrim","Hourly (excluding overtime)","Part-Time",14,9,4
"Number of Jobs (Thousands)",2015,"Mid and East Antrim","Weekly","All",53,22,31
"Number of Jobs (Thousands)",2015,"Mid and East Antrim","Weekly","Full-Time",39,12,27
"Number of Jobs (Thousands)",2015,"Mid and East Antrim","Weekly","Part-Time",14,9,4
"Number of Jobs (Thousands)",2015,"Mid Ulster","Hourly (excluding overtime)","All",54,22,32
"Number of Jobs (Thousands)",2015,"Mid Ulster","Hourly (excluding overtime)","Full-Time",38,12,26
"Number of Jobs (Thousands)",2015,"Mid Ulster","Hourly (excluding overtime)","Part-Time",16,10,6
"Number of Jobs (Thousands)",2015,"Mid Ulster","Weekly","All",54,22,32
"Number of Jobs (Thousands)",2015,"Mid Ulster","Weekly","Full-Time",38,12,26
"Number of Jobs (Thousands)",2015,"Mid Ulster","Weekly","Part-Time",16,10,6
"Number of Jobs (Thousands)",2015,"Newry, Mourne and Down","Hourly (excluding overtime)","All",56,26,30
"Number of Jobs (Thousands)",2015,"Newry, Mourne and Down","Hourly (excluding overtime)","Full-Time",36,13,23
"Number of Jobs (Thousands)",2015,"Newry, Mourne and Down","Hourly (excluding overtime)","Part-Time",20,13,7
"Number of Jobs (Thousands)",2015,"Newry, Mourne and Down","Weekly","All",56,26,30
"Number of Jobs (Thousands)",2015,"Newry, Mourne and Down","Weekly","Full-Time",36,13,23
"Number of Jobs (Thousands)",2015,"Newry, Mourne and Down","Weekly","Part-Time",20,13,7
"Number of Jobs (Thousands)",2015,"Ards and North Down","Hourly (excluding overtime)","All",37,23,14
"Number of Jobs (Thousands)",2015,"Ards and North Down","Hourly (excluding overtime)","Full-Time",21,10,10
"Number of Jobs (Thousands)",2015,"Ards and North Down","Hourly (excluding overtime)","Part-Time",16,13,NA
"Number of Jobs (Thousands)",2015,"Ards and North Down","Weekly","All",37,23,14
"Number of Jobs (Thousands)",2015,"Ards and North Down","Weekly","Full-Time",21,10,10
"Number of Jobs (Thousands)",2015,"Ards and North Down","Weekly","Part-Time",16,13,NA
"Number of Jobs (Thousands)",2016,"Northern Ireland","Hourly (excluding overtime)","All",833,413,420
"Number of Jobs (Thousands)",2016,"Northern Ireland","Hourly (excluding overtime)","Full-Time",582,231,351
"Number of Jobs (Thousands)",2016,"Northern Ireland","Hourly (excluding overtime)","Part-Time",252,183,69
"Number of Jobs (Thousands)",2016,"Northern Ireland","Weekly","All",833,413,420
"Number of Jobs (Thousands)",2016,"Northern Ireland","Weekly","Full-Time",582,231,351
"Number of Jobs (Thousands)",2016,"Northern Ireland","Weekly","Part-Time",252,183,69
"Number of Jobs (Thousands)",2016,"Antrim and Newtownabbey","Hourly (excluding overtime)","All",62,32,30
"Number of Jobs (Thousands)",2016,"Antrim and Newtownabbey","Hourly (excluding overtime)","Full-Time",45,20,25
"Number of Jobs (Thousands)",2016,"Antrim and Newtownabbey","Hourly (excluding overtime)","Part-Time",17,12,5
"Number of Jobs (Thousands)",2016,"Antrim and Newtownabbey","Weekly","All",62,32,30
"Number of Jobs (Thousands)",2016,"Antrim and Newtownabbey","Weekly","Full-Time",45,20,25
"Number of Jobs (Thousands)",2016,"Antrim and Newtownabbey","Weekly","Part-Time",17,12,5
"Number of Jobs (Thousands)",2016,"Armagh City, Banbridge and Craigavon","Hourly (excluding overtime)","All",84,42,42
"Number of Jobs (Thousands)",2016,"Armagh City, Banbridge and Craigavon","Hourly (excluding overtime)","Full-Time",59,23,36
"Number of Jobs (Thousands)",2016,"Armagh City, Banbridge and Craigavon","Hourly (excluding overtime)","Part-Time",25,19,6
"Number of Jobs (Thousands)",2016,"Armagh City, Banbridge and Craigavon","Weekly","All",84,42,42
"Number of Jobs (Thousands)",2016,"Armagh City, Banbridge and Craigavon","Weekly","Full-Time",59,23,36
"Number of Jobs (Thousands)",2016,"Armagh City, Banbridge and Craigavon","Weekly","Part-Time",25,19,6
"Number of Jobs (Thousands)",2016,"Belfast","Hourly (excluding overtime)","All",250,121,129
"Number of Jobs (Thousands)",2016,"Belfast","Hourly (excluding overtime)","Full-Time",185,74,111
"Number of Jobs (Thousands)",2016,"Belfast","Hourly (excluding overtime)","Part-Time",65,47,18
"Number of Jobs (Thousands)",2016,"Belfast","Weekly","All",250,121,129
"Number of Jobs (Thousands)",2016,"Belfast","Weekly","Full-Time",185,74,111
"Number of Jobs (Thousands)",2016,"Belfast","Weekly","Part-Time",65,47,18
"Number of Jobs (Thousands)",2016,"Causeway Coast and Glens","Hourly (excluding overtime)","All",42,26,16
"Number of Jobs (Thousands)",2016,"Causeway Coast and Glens","Hourly (excluding overtime)","Full-Time",26,13,12
"Number of Jobs (Thousands)",2016,"Causeway Coast and Glens","Hourly (excluding overtime)","Part-Time",17,13,NA
"Number of Jobs (Thousands)",2016,"Causeway Coast and Glens","Weekly","All",42,26,16
"Number of Jobs (Thousands)",2016,"Causeway Coast and Glens","Weekly","Full-Time",26,13,12
"Number of Jobs (Thousands)",2016,"Causeway Coast and Glens","Weekly","Part-Time",17,13,NA
"Number of Jobs (Thousands)",2016,"Derry City and Strabane","Hourly (excluding overtime)","All",63,34,29
"Number of Jobs (Thousands)",2016,"Derry City and Strabane","Hourly (excluding overtime)","Full-Time",41,19,22
"Number of Jobs (Thousands)",2016,"Derry City and Strabane","Hourly (excluding overtime)","Part-Time",22,15,7
"Number of Jobs (Thousands)",2016,"Derry City and Strabane","Weekly","All",63,34,29
"Number of Jobs (Thousands)",2016,"Derry City and Strabane","Weekly","Full-Time",41,19,22
"Number of Jobs (Thousands)",2016,"Derry City and Strabane","Weekly","Part-Time",22,15,7
"Number of Jobs (Thousands)",2016,"Fermanagh and Omagh","Hourly (excluding overtime)","All",43,24,20
"Number of Jobs (Thousands)",2016,"Fermanagh and Omagh","Hourly (excluding overtime)","Full-Time",27,12,16
"Number of Jobs (Thousands)",2016,"Fermanagh and Omagh","Hourly (excluding overtime)","Part-Time",16,12,4
"Number of Jobs (Thousands)",2016,"Fermanagh and Omagh","Weekly","All",43,24,20
"Number of Jobs (Thousands)",2016,"Fermanagh and Omagh","Weekly","Full-Time",27,12,16
"Number of Jobs (Thousands)",2016,"Fermanagh and Omagh","Weekly","Part-Time",16,12,4
"Number of Jobs (Thousands)",2016,"Lisburn and Castlereagh","Hourly (excluding overtime)","All",58,30,28
"Number of Jobs (Thousands)",2016,"Lisburn and Castlereagh","Hourly (excluding overtime)","Full-Time",39,16,23
"Number of Jobs (Thousands)",2016,"Lisburn and Castlereagh","Hourly (excluding overtime)","Part-Time",19,14,5
"Number of Jobs (Thousands)",2016,"Lisburn and Castlereagh","Weekly","All",58,30,28
"Number of Jobs (Thousands)",2016,"Lisburn and Castlereagh","Weekly","Full-Time",39,16,23
"Number of Jobs (Thousands)",2016,"Lisburn and Castlereagh","Weekly","Part-Time",19,14,5
"Number of Jobs (Thousands)",2016,"Mid and East Antrim","Hourly (excluding overtime)","All",53,24,29
"Number of Jobs (Thousands)",2016,"Mid and East Antrim","Hourly (excluding overtime)","Full-Time",37,13,24
"Number of Jobs (Thousands)",2016,"Mid and East Antrim","Hourly (excluding overtime)","Part-Time",16,11,5
"Number of Jobs (Thousands)",2016,"Mid and East Antrim","Weekly","All",53,24,29
"Number of Jobs (Thousands)",2016,"Mid and East Antrim","Weekly","Full-Time",37,13,24
"Number of Jobs (Thousands)",2016,"Mid and East Antrim","Weekly","Part-Time",16,11,5
"Number of Jobs (Thousands)",2016,"Mid Ulster","Hourly (excluding overtime)","All",58,23,35
"Number of Jobs (Thousands)",2016,"Mid Ulster","Hourly (excluding overtime)","Full-Time",43,12,30
"Number of Jobs (Thousands)",2016,"Mid Ulster","Hourly (excluding overtime)","Part-Time",15,11,5
"Number of Jobs (Thousands)",2016,"Mid Ulster","Weekly","All",58,23,35
"Number of Jobs (Thousands)",2016,"Mid Ulster","Weekly","Full-Time",43,12,30
"Number of Jobs (Thousands)",2016,"Mid Ulster","Weekly","Part-Time",15,11,5
"Number of Jobs (Thousands)",2016,"Newry, Mourne and Down","Hourly (excluding overtime)","All",64,31,33
"Number of Jobs (Thousands)",2016,"Newry, Mourne and Down","Hourly (excluding overtime)","Full-Time",42,16,27
"Number of Jobs (Thousands)",2016,"Newry, Mourne and Down","Hourly (excluding overtime)","Part-Time",21,15,6
"Number of Jobs (Thousands)",2016,"Newry, Mourne and Down","Weekly","All",64,31,33
"Number of Jobs (Thousands)",2016,"Newry, Mourne and Down","Weekly","Full-Time",42,16,27
"Number of Jobs (Thousands)",2016,"Newry, Mourne and Down","Weekly","Part-Time",21,15,6
"Number of Jobs (Thousands)",2016,"Ards and North Down","Hourly (excluding overtime)","All",40,24,16
"Number of Jobs (Thousands)",2016,"Ards and North Down","Hourly (excluding overtime)","Full-Time",21,10,11
"Number of Jobs (Thousands)",2016,"Ards and North Down","Hourly (excluding overtime)","Part-Time",18,13,5
"Number of Jobs (Thousands)",2016,"Ards and North Down","Weekly","All",40,24,16
"Number of Jobs (Thousands)",2016,"Ards and North Down","Weekly","Full-Time",21,10,11
"Number of Jobs (Thousands)",2016,"Ards and North Down","Weekly","Part-Time",18,13,5
"Number of Jobs (Thousands)",2017,"Northern Ireland","Hourly (excluding overtime)","All",824,406,418
"Number of Jobs (Thousands)",2017,"Northern Ireland","Hourly (excluding overtime)","Full-Time",582,227,355
"Number of Jobs (Thousands)",2017,"Northern Ireland","Hourly (excluding overtime)","Part-Time",242,179,63
"Number of Jobs (Thousands)",2017,"Northern Ireland","Weekly","All",824,406,418
"Number of Jobs (Thousands)",2017,"Northern Ireland","Weekly","Full-Time",582,227,355
"Number of Jobs (Thousands)",2017,"Northern Ireland","Weekly","Part-Time",242,179,63
"Number of Jobs (Thousands)",2017,"Antrim and Newtownabbey","Hourly (excluding overtime)","All",58,31,27
"Number of Jobs (Thousands)",2017,"Antrim and Newtownabbey","Hourly (excluding overtime)","Full-Time",43,19,24
"Number of Jobs (Thousands)",2017,"Antrim and Newtownabbey","Hourly (excluding overtime)","Part-Time",15,11,4
"Number of Jobs (Thousands)",2017,"Antrim and Newtownabbey","Weekly","All",58,31,27
"Number of Jobs (Thousands)",2017,"Antrim and Newtownabbey","Weekly","Full-Time",43,19,24
"Number of Jobs (Thousands)",2017,"Antrim and Newtownabbey","Weekly","Part-Time",15,11,4
"Number of Jobs (Thousands)",2017,"Armagh City, Banbridge and Craigavon","Hourly (excluding overtime)","All",80,40,41
"Number of Jobs (Thousands)",2017,"Armagh City, Banbridge and Craigavon","Hourly (excluding overtime)","Full-Time",56,21,35
"Number of Jobs (Thousands)",2017,"Armagh City, Banbridge and Craigavon","Hourly (excluding overtime)","Part-Time",24,19,6
"Number of Jobs (Thousands)",2017,"Armagh City, Banbridge and Craigavon","Weekly","All",80,40,41
"Number of Jobs (Thousands)",2017,"Armagh City, Banbridge and Craigavon","Weekly","Full-Time",56,21,35
"Number of Jobs (Thousands)",2017,"Armagh City, Banbridge and Craigavon","Weekly","Part-Time",24,19,6
"Number of Jobs (Thousands)",2017,"Belfast","Hourly (excluding overtime)","All",244,117,127
"Number of Jobs (Thousands)",2017,"Belfast","Hourly (excluding overtime)","Full-Time",184,72,111
"Number of Jobs (Thousands)",2017,"Belfast","Hourly (excluding overtime)","Part-Time",61,45,16
"Number of Jobs (Thousands)",2017,"Belfast","Weekly","All",244,117,127
"Number of Jobs (Thousands)",2017,"Belfast","Weekly","Full-Time",184,72,111
"Number of Jobs (Thousands)",2017,"Belfast","Weekly","Part-Time",61,45,16
"Number of Jobs (Thousands)",2017,"Causeway Coast and Glens","Hourly (excluding overtime)","All",41,23,18
"Number of Jobs (Thousands)",2017,"Causeway Coast and Glens","Hourly (excluding overtime)","Full-Time",27,12,15
"Number of Jobs (Thousands)",2017,"Causeway Coast and Glens","Hourly (excluding overtime)","Part-Time",14,11,NA
"Number of Jobs (Thousands)",2017,"Causeway Coast and Glens","Weekly","All",41,23,18
"Number of Jobs (Thousands)",2017,"Causeway Coast and Glens","Weekly","Full-Time",27,12,15
"Number of Jobs (Thousands)",2017,"Causeway Coast and Glens","Weekly","Part-Time",14,11,NA
"Number of Jobs (Thousands)",2017,"Derry City and Strabane","Hourly (excluding overtime)","All",61,35,26
"Number of Jobs (Thousands)",2017,"Derry City and Strabane","Hourly (excluding overtime)","Full-Time",39,18,20
"Number of Jobs (Thousands)",2017,"Derry City and Strabane","Hourly (excluding overtime)","Part-Time",23,17,6
"Number of Jobs (Thousands)",2017,"Derry City and Strabane","Weekly","All",61,35,26
"Number of Jobs (Thousands)",2017,"Derry City and Strabane","Weekly","Full-Time",39,18,20
"Number of Jobs (Thousands)",2017,"Derry City and Strabane","Weekly","Part-Time",23,17,6
"Number of Jobs (Thousands)",2017,"Fermanagh and Omagh","Hourly (excluding overtime)","All",43,23,20
"Number of Jobs (Thousands)",2017,"Fermanagh and Omagh","Hourly (excluding overtime)","Full-Time",29,12,17
"Number of Jobs (Thousands)",2017,"Fermanagh and Omagh","Hourly (excluding overtime)","Part-Time",14,11,NA
"Number of Jobs (Thousands)",2017,"Fermanagh and Omagh","Weekly","All",43,23,20
"Number of Jobs (Thousands)",2017,"Fermanagh and Omagh","Weekly","Full-Time",29,12,17
"Number of Jobs (Thousands)",2017,"Fermanagh and Omagh","Weekly","Part-Time",14,11,NA
"Number of Jobs (Thousands)",2017,"Lisburn and Castlereagh","Hourly (excluding overtime)","All",61,31,31
"Number of Jobs (Thousands)",2017,"Lisburn and Castlereagh","Hourly (excluding overtime)","Full-Time",44,18,26
"Number of Jobs (Thousands)",2017,"Lisburn and Castlereagh","Hourly (excluding overtime)","Part-Time",18,13,5
"Number of Jobs (Thousands)",2017,"Lisburn and Castlereagh","Weekly","All",61,31,31
"Number of Jobs (Thousands)",2017,"Lisburn and Castlereagh","Weekly","Full-Time",44,18,26
"Number of Jobs (Thousands)",2017,"Lisburn and Castlereagh","Weekly","Part-Time",18,13,5
"Number of Jobs (Thousands)",2017,"Mid and East Antrim","Hourly (excluding overtime)","All",47,21,26
"Number of Jobs (Thousands)",2017,"Mid and East Antrim","Hourly (excluding overtime)","Full-Time",33,11,22
"Number of Jobs (Thousands)",2017,"Mid and East Antrim","Hourly (excluding overtime)","Part-Time",14,10,4
"Number of Jobs (Thousands)",2017,"Mid and East Antrim","Weekly","All",47,21,26
"Number of Jobs (Thousands)",2017,"Mid and East Antrim","Weekly","Full-Time",33,11,22
"Number of Jobs (Thousands)",2017,"Mid and East Antrim","Weekly","Part-Time",14,10,4
"Number of Jobs (Thousands)",2017,"Mid Ulster","Hourly (excluding overtime)","All",59,23,37
"Number of Jobs (Thousands)",2017,"Mid Ulster","Hourly (excluding overtime)","Full-Time",44,12,32
"Number of Jobs (Thousands)",2017,"Mid Ulster","Hourly (excluding overtime)","Part-Time",16,10,5
"Number of Jobs (Thousands)",2017,"Mid Ulster","Weekly","All",59,23,37
"Number of Jobs (Thousands)",2017,"Mid Ulster","Weekly","Full-Time",44,12,32
"Number of Jobs (Thousands)",2017,"Mid Ulster","Weekly","Part-Time",16,10,5
"Number of Jobs (Thousands)",2017,"Newry, Mourne and Down","Hourly (excluding overtime)","All",65,32,33
"Number of Jobs (Thousands)",2017,"Newry, Mourne and Down","Hourly (excluding overtime)","Full-Time",42,16,27
"Number of Jobs (Thousands)",2017,"Newry, Mourne and Down","Hourly (excluding overtime)","Part-Time",22,16,6
"Number of Jobs (Thousands)",2017,"Newry, Mourne and Down","Weekly","All",65,32,33
"Number of Jobs (Thousands)",2017,"Newry, Mourne and Down","Weekly","Full-Time",42,16,27
"Number of Jobs (Thousands)",2017,"Newry, Mourne and Down","Weekly","Part-Time",22,16,6
"Number of Jobs (Thousands)",2017,"Ards and North Down","Hourly (excluding overtime)","All",42,24,17
"Number of Jobs (Thousands)",2017,"Ards and North Down","Hourly (excluding overtime)","Full-Time",24,11,13
"Number of Jobs (Thousands)",2017,"Ards and North Down","Hourly (excluding overtime)","Part-Time",18,14,4
"Number of Jobs (Thousands)",2017,"Ards and North Down","Weekly","All",42,24,17
"Number of Jobs (Thousands)",2017,"Ards and North Down","Weekly","Full-Time",24,11,13
"Number of Jobs (Thousands)",2017,"Ards and North Down","Weekly","Part-Time",18,14,4
"Number of Jobs (Thousands)",2018,"Northern Ireland","Hourly (excluding overtime)","All",792,390,402
"Number of Jobs (Thousands)",2018,"Northern Ireland","Hourly (excluding overtime)","Full-Time",564,224,340
"Number of Jobs (Thousands)",2018,"Northern Ireland","Hourly (excluding overtime)","Part-Time",228,166,62
"Number of Jobs (Thousands)",2018,"Northern Ireland","Weekly","All",792,390,402
"Number of Jobs (Thousands)",2018,"Northern Ireland","Weekly","Full-Time",564,224,340
"Number of Jobs (Thousands)",2018,"Northern Ireland","Weekly","Part-Time",228,166,62
"Number of Jobs (Thousands)",2018,"Antrim and Newtownabbey","Hourly (excluding overtime)","All",55,28,28
"Number of Jobs (Thousands)",2018,"Antrim and Newtownabbey","Hourly (excluding overtime)","Full-Time",42,17,24
"Number of Jobs (Thousands)",2018,"Antrim and Newtownabbey","Hourly (excluding overtime)","Part-Time",14,10,NA
"Number of Jobs (Thousands)",2018,"Antrim and Newtownabbey","Weekly","All",55,28,28
"Number of Jobs (Thousands)",2018,"Antrim and Newtownabbey","Weekly","Full-Time",42,17,24
"Number of Jobs (Thousands)",2018,"Antrim and Newtownabbey","Weekly","Part-Time",14,10,NA
"Number of Jobs (Thousands)",2018,"Armagh City, Banbridge and Craigavon","Hourly (excluding overtime)","All",76,38,39
"Number of Jobs (Thousands)",2018,"Armagh City, Banbridge and Craigavon","Hourly (excluding overtime)","Full-Time",54,21,33
"Number of Jobs (Thousands)",2018,"Armagh City, Banbridge and Craigavon","Hourly (excluding overtime)","Part-Time",22,17,6
"Number of Jobs (Thousands)",2018,"Armagh City, Banbridge and Craigavon","Weekly","All",76,38,39
"Number of Jobs (Thousands)",2018,"Armagh City, Banbridge and Craigavon","Weekly","Full-Time",54,21,33
"Number of Jobs (Thousands)",2018,"Armagh City, Banbridge and Craigavon","Weekly","Part-Time",22,17,6
"Number of Jobs (Thousands)",2018,"Belfast","Hourly (excluding overtime)","All",229,110,119
"Number of Jobs (Thousands)",2018,"Belfast","Hourly (excluding overtime)","Full-Time",170,69,101
"Number of Jobs (Thousands)",2018,"Belfast","Hourly (excluding overtime)","Part-Time",59,41,18
"Number of Jobs (Thousands)",2018,"Belfast","Weekly","All",229,110,119
"Number of Jobs (Thousands)",2018,"Belfast","Weekly","Full-Time",170,69,101
"Number of Jobs (Thousands)",2018,"Belfast","Weekly","Part-Time",59,41,18
"Number of Jobs (Thousands)",2018,"Causeway Coast and Glens","Hourly (excluding overtime)","All",38,20,18
"Number of Jobs (Thousands)",2018,"Causeway Coast and Glens","Hourly (excluding overtime)","Full-Time",26,11,15
"Number of Jobs (Thousands)",2018,"Causeway Coast and Glens","Hourly (excluding overtime)","Part-Time",12,9,NA
"Number of Jobs (Thousands)",2018,"Causeway Coast and Glens","Weekly","All",38,20,18
"Number of Jobs (Thousands)",2018,"Causeway Coast and Glens","Weekly","Full-Time",26,11,15
"Number of Jobs (Thousands)",2018,"Causeway Coast and Glens","Weekly","Part-Time",12,9,NA
"Number of Jobs (Thousands)",2018,"Derry City and Strabane","Hourly (excluding overtime)","All",55,32,23
"Number of Jobs (Thousands)",2018,"Derry City and Strabane","Hourly (excluding overtime)","Full-Time",36,17,18
"Number of Jobs (Thousands)",2018,"Derry City and Strabane","Hourly (excluding overtime)","Part-Time",20,15,5
"Number of Jobs (Thousands)",2018,"Derry City and Strabane","Weekly","All",55,32,23
"Number of Jobs (Thousands)",2018,"Derry City and Strabane","Weekly","Full-Time",36,17,18
"Number of Jobs (Thousands)",2018,"Derry City and Strabane","Weekly","Part-Time",20,15,5
"Number of Jobs (Thousands)",2018,"Fermanagh and Omagh","Hourly (excluding overtime)","All",43,24,20
"Number of Jobs (Thousands)",2018,"Fermanagh and Omagh","Hourly (excluding overtime)","Full-Time",27,12,15
"Number of Jobs (Thousands)",2018,"Fermanagh and Omagh","Hourly (excluding overtime)","Part-Time",16,12,NA
"Number of Jobs (Thousands)",2018,"Fermanagh and Omagh","Weekly","All",43,24,20
"Number of Jobs (Thousands)",2018,"Fermanagh and Omagh","Weekly","Full-Time",27,12,15
"Number of Jobs (Thousands)",2018,"Fermanagh and Omagh","Weekly","Part-Time",16,12,NA
"Number of Jobs (Thousands)",2018,"Lisburn and Castlereagh","Hourly (excluding overtime)","All",61,31,30
"Number of Jobs (Thousands)",2018,"Lisburn and Castlereagh","Hourly (excluding overtime)","Full-Time",43,18,25
"Number of Jobs (Thousands)",2018,"Lisburn and Castlereagh","Hourly (excluding overtime)","Part-Time",18,13,5
"Number of Jobs (Thousands)",2018,"Lisburn and Castlereagh","Weekly","All",61,31,30
"Number of Jobs (Thousands)",2018,"Lisburn and Castlereagh","Weekly","Full-Time",43,18,25
"Number of Jobs (Thousands)",2018,"Lisburn and Castlereagh","Weekly","Part-Time",18,13,5
"Number of Jobs (Thousands)",2018,"Mid and East Antrim","Hourly (excluding overtime)","All",52,24,27
"Number of Jobs (Thousands)",2018,"Mid and East Antrim","Hourly (excluding overtime)","Full-Time",36,13,23
"Number of Jobs (Thousands)",2018,"Mid and East Antrim","Hourly (excluding overtime)","Part-Time",15,11,4
"Number of Jobs (Thousands)",2018,"Mid and East Antrim","Weekly","All",52,24,27
"Number of Jobs (Thousands)",2018,"Mid and East Antrim","Weekly","Full-Time",36,13,23
"Number of Jobs (Thousands)",2018,"Mid and East Antrim","Weekly","Part-Time",15,11,4
"Number of Jobs (Thousands)",2018,"Mid Ulster","Hourly (excluding overtime)","All",58,22,36
"Number of Jobs (Thousands)",2018,"Mid Ulster","Hourly (excluding overtime)","Full-Time",43,12,31
"Number of Jobs (Thousands)",2018,"Mid Ulster","Hourly (excluding overtime)","Part-Time",15,10,5
"Number of Jobs (Thousands)",2018,"Mid Ulster","Weekly","All",58,22,36
"Number of Jobs (Thousands)",2018,"Mid Ulster","Weekly","Full-Time",43,12,31
"Number of Jobs (Thousands)",2018,"Mid Ulster","Weekly","Part-Time",15,10,5
"Number of Jobs (Thousands)",2018,"Newry, Mourne and Down","Hourly (excluding overtime)","All",62,31,31
"Number of Jobs (Thousands)",2018,"Newry, Mourne and Down","Hourly (excluding overtime)","Full-Time",41,16,25
"Number of Jobs (Thousands)",2018,"Newry, Mourne and Down","Hourly (excluding overtime)","Part-Time",21,15,6
"Number of Jobs (Thousands)",2018,"Newry, Mourne and Down","Weekly","All",62,31,31
"Number of Jobs (Thousands)",2018,"Newry, Mourne and Down","Weekly","Full-Time",41,16,25
"Number of Jobs (Thousands)",2018,"Newry, Mourne and Down","Weekly","Part-Time",21,15,6
"Number of Jobs (Thousands)",2018,"Ards and North Down","Hourly (excluding overtime)","All",40,24,16
"Number of Jobs (Thousands)",2018,"Ards and North Down","Hourly (excluding overtime)","Full-Time",23,11,12
"Number of Jobs (Thousands)",2018,"Ards and North Down","Hourly (excluding overtime)","Part-Time",17,13,NA
"Number of Jobs (Thousands)",2018,"Ards and North Down","Weekly","All",40,24,16
"Number of Jobs (Thousands)",2018,"Ards and North Down","Weekly","Full-Time",23,11,12
"Number of Jobs (Thousands)",2018,"Ards and North Down","Weekly","Part-Time",17,13,NA
"Number of Jobs (Thousands)",2019,"Northern Ireland","Hourly (excluding overtime)","All",873,441,431
"Number of Jobs (Thousands)",2019,"Northern Ireland","Hourly (excluding overtime)","Full-Time",610,245,365
"Number of Jobs (Thousands)",2019,"Northern Ireland","Hourly (excluding overtime)","Part-Time",263,196,67
"Number of Jobs (Thousands)",2019,"Northern Ireland","Weekly","All",873,441,431
"Number of Jobs (Thousands)",2019,"Northern Ireland","Weekly","Full-Time",610,245,365
"Number of Jobs (Thousands)",2019,"Northern Ireland","Weekly","Part-Time",263,196,67
"Number of Jobs (Thousands)",2019,"Antrim and Newtownabbey","Hourly (excluding overtime)","All",62,33,29
"Number of Jobs (Thousands)",2019,"Antrim and Newtownabbey","Hourly (excluding overtime)","Full-Time",44,19,25
"Number of Jobs (Thousands)",2019,"Antrim and Newtownabbey","Hourly (excluding overtime)","Part-Time",18,14,4
"Number of Jobs (Thousands)",2019,"Antrim and Newtownabbey","Weekly","All",62,33,29
"Number of Jobs (Thousands)",2019,"Antrim and Newtownabbey","Weekly","Full-Time",44,19,25
"Number of Jobs (Thousands)",2019,"Antrim and Newtownabbey","Weekly","Part-Time",18,14,4
"Number of Jobs (Thousands)",2019,"Armagh City, Banbridge and Craigavon","Hourly (excluding overtime)","All",92,50,42
"Number of Jobs (Thousands)",2019,"Armagh City, Banbridge and Craigavon","Hourly (excluding overtime)","Full-Time",63,27,35
"Number of Jobs (Thousands)",2019,"Armagh City, Banbridge and Craigavon","Hourly (excluding overtime)","Part-Time",30,23,7
"Number of Jobs (Thousands)",2019,"Armagh City, Banbridge and Craigavon","Weekly","All",92,50,42
"Number of Jobs (Thousands)",2019,"Armagh City, Banbridge and Craigavon","Weekly","Full-Time",63,27,35
"Number of Jobs (Thousands)",2019,"Armagh City, Banbridge and Craigavon","Weekly","Part-Time",30,23,7
"Number of Jobs (Thousands)",2019,"Belfast","Hourly (excluding overtime)","All",251,124,127
"Number of Jobs (Thousands)",2019,"Belfast","Hourly (excluding overtime)","Full-Time",187,76,111
"Number of Jobs (Thousands)",2019,"Belfast","Hourly (excluding overtime)","Part-Time",65,48,16
"Number of Jobs (Thousands)",2019,"Belfast","Weekly","All",251,124,127
"Number of Jobs (Thousands)",2019,"Belfast","Weekly","Full-Time",187,76,111
"Number of Jobs (Thousands)",2019,"Belfast","Weekly","Part-Time",65,48,16
"Number of Jobs (Thousands)",2019,"Causeway Coast and Glens","Hourly (excluding overtime)","All",45,24,21
"Number of Jobs (Thousands)",2019,"Causeway Coast and Glens","Hourly (excluding overtime)","Full-Time",30,13,17
"Number of Jobs (Thousands)",2019,"Causeway Coast and Glens","Hourly (excluding overtime)","Part-Time",15,11,NA
"Number of Jobs (Thousands)",2019,"Causeway Coast and Glens","Weekly","All",45,24,21
"Number of Jobs (Thousands)",2019,"Causeway Coast and Glens","Weekly","Full-Time",30,13,17
"Number of Jobs (Thousands)",2019,"Causeway Coast and Glens","Weekly","Part-Time",15,11,NA
"Number of Jobs (Thousands)",2019,"Derry City and Strabane","Hourly (excluding overtime)","All",63,35,29
"Number of Jobs (Thousands)",2019,"Derry City and Strabane","Hourly (excluding overtime)","Full-Time",39,18,22
"Number of Jobs (Thousands)",2019,"Derry City and Strabane","Hourly (excluding overtime)","Part-Time",24,17,7
"Number of Jobs (Thousands)",2019,"Derry City and Strabane","Weekly","All",63,35,29
"Number of Jobs (Thousands)",2019,"Derry City and Strabane","Weekly","Full-Time",39,18,22
"Number of Jobs (Thousands)",2019,"Derry City and Strabane","Weekly","Part-Time",24,17,7
"Number of Jobs (Thousands)",2019,"Fermanagh and Omagh","Hourly (excluding overtime)","All",45,24,22
"Number of Jobs (Thousands)",2019,"Fermanagh and Omagh","Hourly (excluding overtime)","Full-Time",29,11,18
"Number of Jobs (Thousands)",2019,"Fermanagh and Omagh","Hourly (excluding overtime)","Part-Time",16,12,NA
"Number of Jobs (Thousands)",2019,"Fermanagh and Omagh","Weekly","All",45,24,22
"Number of Jobs (Thousands)",2019,"Fermanagh and Omagh","Weekly","Full-Time",29,11,18
"Number of Jobs (Thousands)",2019,"Fermanagh and Omagh","Weekly","Part-Time",16,12,NA
"Number of Jobs (Thousands)",2019,"Lisburn and Castlereagh","Hourly (excluding overtime)","All",67,34,33
"Number of Jobs (Thousands)",2019,"Lisburn and Castlereagh","Hourly (excluding overtime)","Full-Time",46,18,28
"Number of Jobs (Thousands)",2019,"Lisburn and Castlereagh","Hourly (excluding overtime)","Part-Time",20,15,5
"Number of Jobs (Thousands)",2019,"Lisburn and Castlereagh","Weekly","All",67,34,33
"Number of Jobs (Thousands)",2019,"Lisburn and Castlereagh","Weekly","Full-Time",46,18,28
"Number of Jobs (Thousands)",2019,"Lisburn and Castlereagh","Weekly","Part-Time",20,15,5
"Number of Jobs (Thousands)",2019,"Mid and East Antrim","Hourly (excluding overtime)","All",52,26,26
"Number of Jobs (Thousands)",2019,"Mid and East Antrim","Hourly (excluding overtime)","Full-Time",34,13,21
"Number of Jobs (Thousands)",2019,"Mid and East Antrim","Hourly (excluding overtime)","Part-Time",18,13,4
"Number of Jobs (Thousands)",2019,"Mid and East Antrim","Weekly","All",52,26,26
"Number of Jobs (Thousands)",2019,"Mid and East Antrim","Weekly","Full-Time",34,13,21
"Number of Jobs (Thousands)",2019,"Mid and East Antrim","Weekly","Part-Time",18,13,4
"Number of Jobs (Thousands)",2019,"Mid Ulster","Hourly (excluding overtime)","All",65,25,40
"Number of Jobs (Thousands)",2019,"Mid Ulster","Hourly (excluding overtime)","Full-Time",49,14,34
"Number of Jobs (Thousands)",2019,"Mid Ulster","Hourly (excluding overtime)","Part-Time",17,11,6
"Number of Jobs (Thousands)",2019,"Mid Ulster","Weekly","All",65,25,40
"Number of Jobs (Thousands)",2019,"Mid Ulster","Weekly","Full-Time",49,14,34
"Number of Jobs (Thousands)",2019,"Mid Ulster","Weekly","Part-Time",17,11,6
"Number of Jobs (Thousands)",2019,"Newry, Mourne and Down","Hourly (excluding overtime)","All",65,35,30
"Number of Jobs (Thousands)",2019,"Newry, Mourne and Down","Hourly (excluding overtime)","Full-Time",44,18,26
"Number of Jobs (Thousands)",2019,"Newry, Mourne and Down","Hourly (excluding overtime)","Part-Time",22,17,5
"Number of Jobs (Thousands)",2019,"Newry, Mourne and Down","Weekly","All",65,35,30
"Number of Jobs (Thousands)",2019,"Newry, Mourne and Down","Weekly","Full-Time",44,18,26
"Number of Jobs (Thousands)",2019,"Newry, Mourne and Down","Weekly","Part-Time",22,17,5
"Number of Jobs (Thousands)",2019,"Ards and North Down","Hourly (excluding overtime)","All",47,28,19
"Number of Jobs (Thousands)",2019,"Ards and North Down","Hourly (excluding overtime)","Full-Time",28,14,14
"Number of Jobs (Thousands)",2019,"Ards and North Down","Hourly (excluding overtime)","Part-Time",19,14,5
"Number of Jobs (Thousands)",2019,"Ards and North Down","Weekly","All",47,28,19
"Number of Jobs (Thousands)",2019,"Ards and North Down","Weekly","Full-Time",28,14,14
"Number of Jobs (Thousands)",2019,"Ards and North Down","Weekly","Part-Time",19,14,5
"Number of Jobs (Thousands)",2020,"Northern Ireland","Hourly (excluding overtime)","All",1002,508,494
"Number of Jobs (Thousands)",2020,"Northern Ireland","Hourly (excluding overtime)","Full-Time",705,292,413
"Number of Jobs (Thousands)",2020,"Northern Ireland","Hourly (excluding overtime)","Part-Time",297,216,81
"Number of Jobs (Thousands)",2020,"Northern Ireland","Weekly","All",1002,508,494
"Number of Jobs (Thousands)",2020,"Northern Ireland","Weekly","Full-Time",705,292,413
"Number of Jobs (Thousands)",2020,"Northern Ireland","Weekly","Part-Time",297,216,81
"Number of Jobs (Thousands)",2020,"Antrim and Newtownabbey","Hourly (excluding overtime)","All",71,38,33
"Number of Jobs (Thousands)",2020,"Antrim and Newtownabbey","Hourly (excluding overtime)","Full-Time",48,21,27
"Number of Jobs (Thousands)",2020,"Antrim and Newtownabbey","Hourly (excluding overtime)","Part-Time",23,18,NA
"Number of Jobs (Thousands)",2020,"Antrim and Newtownabbey","Weekly","All",71,38,33
"Number of Jobs (Thousands)",2020,"Antrim and Newtownabbey","Weekly","Full-Time",48,21,27
"Number of Jobs (Thousands)",2020,"Antrim and Newtownabbey","Weekly","Part-Time",23,18,NA
"Number of Jobs (Thousands)",2020,"Armagh City, Banbridge and Craigavon","Hourly (excluding overtime)","All",108,54,53
"Number of Jobs (Thousands)",2020,"Armagh City, Banbridge and Craigavon","Hourly (excluding overtime)","Full-Time",75,30,45
"Number of Jobs (Thousands)",2020,"Armagh City, Banbridge and Craigavon","Hourly (excluding overtime)","Part-Time",32,24,8
"Number of Jobs (Thousands)",2020,"Armagh City, Banbridge and Craigavon","Weekly","All",108,54,53
"Number of Jobs (Thousands)",2020,"Armagh City, Banbridge and Craigavon","Weekly","Full-Time",75,30,45
"Number of Jobs (Thousands)",2020,"Armagh City, Banbridge and Craigavon","Weekly","Part-Time",32,24,8
"Number of Jobs (Thousands)",2020,"Belfast","Hourly (excluding overtime)","All",290,148,142
"Number of Jobs (Thousands)",2020,"Belfast","Hourly (excluding overtime)","Full-Time",217,94,123
"Number of Jobs (Thousands)",2020,"Belfast","Hourly (excluding overtime)","Part-Time",72,53,19
"Number of Jobs (Thousands)",2020,"Belfast","Weekly","All",290,148,142
"Number of Jobs (Thousands)",2020,"Belfast","Weekly","Full-Time",217,94,123
"Number of Jobs (Thousands)",2020,"Belfast","Weekly","Part-Time",72,53,19
"Number of Jobs (Thousands)",2020,"Causeway Coast and Glens","Hourly (excluding overtime)","All",56,31,25
"Number of Jobs (Thousands)",2020,"Causeway Coast and Glens","Hourly (excluding overtime)","Full-Time",38,16,21
"Number of Jobs (Thousands)",2020,"Causeway Coast and Glens","Hourly (excluding overtime)","Part-Time",18,15,NA
"Number of Jobs (Thousands)",2020,"Causeway Coast and Glens","Weekly","All",56,31,25
"Number of Jobs (Thousands)",2020,"Causeway Coast and Glens","Weekly","Full-Time",38,16,21
"Number of Jobs (Thousands)",2020,"Causeway Coast and Glens","Weekly","Part-Time",18,15,NA
"Number of Jobs (Thousands)",2020,"Derry City and Strabane","Hourly (excluding overtime)","All",75,39,35
"Number of Jobs (Thousands)",2020,"Derry City and Strabane","Hourly (excluding overtime)","Full-Time",46,20,26
"Number of Jobs (Thousands)",2020,"Derry City and Strabane","Hourly (excluding overtime)","Part-Time",28,19,9
"Number of Jobs (Thousands)",2020,"Derry City and Strabane","Weekly","All",75,39,35
"Number of Jobs (Thousands)",2020,"Derry City and Strabane","Weekly","Full-Time",46,20,26
"Number of Jobs (Thousands)",2020,"Derry City and Strabane","Weekly","Part-Time",28,19,9
"Number of Jobs (Thousands)",2020,"Fermanagh and Omagh","Hourly (excluding overtime)","All",53,29,24
"Number of Jobs (Thousands)",2020,"Fermanagh and Omagh","Hourly (excluding overtime)","Full-Time",34,14,20
"Number of Jobs (Thousands)",2020,"Fermanagh and Omagh","Hourly (excluding overtime)","Part-Time",19,15,NA
"Number of Jobs (Thousands)",2020,"Fermanagh and Omagh","Weekly","All",53,29,24
"Number of Jobs (Thousands)",2020,"Fermanagh and Omagh","Weekly","Full-Time",34,14,20
"Number of Jobs (Thousands)",2020,"Fermanagh and Omagh","Weekly","Part-Time",19,15,NA
"Number of Jobs (Thousands)",2020,"Lisburn and Castlereagh","Hourly (excluding overtime)","All",75,39,36
"Number of Jobs (Thousands)",2020,"Lisburn and Castlereagh","Hourly (excluding overtime)","Full-Time",51,22,29
"Number of Jobs (Thousands)",2020,"Lisburn and Castlereagh","Hourly (excluding overtime)","Part-Time",24,17,7
"Number of Jobs (Thousands)",2020,"Lisburn and Castlereagh","Weekly","All",75,39,36
"Number of Jobs (Thousands)",2020,"Lisburn and Castlereagh","Weekly","Full-Time",51,22,29
"Number of Jobs (Thousands)",2020,"Lisburn and Castlereagh","Weekly","Part-Time",24,17,7
"Number of Jobs (Thousands)",2020,"Mid and East Antrim","Hourly (excluding overtime)","All",54,27,28
"Number of Jobs (Thousands)",2020,"Mid and East Antrim","Hourly (excluding overtime)","Full-Time",38,15,23
"Number of Jobs (Thousands)",2020,"Mid and East Antrim","Hourly (excluding overtime)","Part-Time",16,12,NA
"Number of Jobs (Thousands)",2020,"Mid and East Antrim","Weekly","All",54,27,28
"Number of Jobs (Thousands)",2020,"Mid and East Antrim","Weekly","Full-Time",38,15,23
"Number of Jobs (Thousands)",2020,"Mid and East Antrim","Weekly","Part-Time",16,12,NA
"Number of Jobs (Thousands)",2020,"Mid Ulster","Hourly (excluding overtime)","All",70,28,43
"Number of Jobs (Thousands)",2020,"Mid Ulster","Hourly (excluding overtime)","Full-Time",50,15,35
"Number of Jobs (Thousands)",2020,"Mid Ulster","Hourly (excluding overtime)","Part-Time",20,12,8
"Number of Jobs (Thousands)",2020,"Mid Ulster","Weekly","All",70,28,43
"Number of Jobs (Thousands)",2020,"Mid Ulster","Weekly","Full-Time",50,15,35
"Number of Jobs (Thousands)",2020,"Mid Ulster","Weekly","Part-Time",20,12,8
"Number of Jobs (Thousands)",2020,"Newry, Mourne and Down","Hourly (excluding overtime)","All",79,42,37
"Number of Jobs (Thousands)",2020,"Newry, Mourne and Down","Hourly (excluding overtime)","Full-Time",55,24,31
"Number of Jobs (Thousands)",2020,"Newry, Mourne and Down","Hourly (excluding overtime)","Part-Time",25,18,7
"Number of Jobs (Thousands)",2020,"Newry, Mourne and Down","Weekly","All",79,42,37
"Number of Jobs (Thousands)",2020,"Newry, Mourne and Down","Weekly","Full-Time",55,24,31
"Number of Jobs (Thousands)",2020,"Newry, Mourne and Down","Weekly","Part-Time",25,18,7
"Number of Jobs (Thousands)",2020,"Ards and North Down","Hourly (excluding overtime)","All",51,28,23
"Number of Jobs (Thousands)",2020,"Ards and North Down","Hourly (excluding overtime)","Full-Time",32,15,17
"Number of Jobs (Thousands)",2020,"Ards and North Down","Hourly (excluding overtime)","Part-Time",19,14,NA
"Number of Jobs (Thousands)",2020,"Ards and North Down","Weekly","All",51,28,23
"Number of Jobs (Thousands)",2020,"Ards and North Down","Weekly","Full-Time",32,15,17
"Number of Jobs (Thousands)",2020,"Ards and North Down","Weekly","Part-Time",19,14,NA
"Number of Jobs (Thousands)",2021,"Northern Ireland","Hourly (excluding overtime)","All",1078,549,528
"Number of Jobs (Thousands)",2021,"Northern Ireland","Hourly (excluding overtime)","Full-Time",766,319,447
"Number of Jobs (Thousands)",2021,"Northern Ireland","Hourly (excluding overtime)","Part-Time",312,230,81
"Number of Jobs (Thousands)",2021,"Northern Ireland","Weekly","All",1078,549,528
"Number of Jobs (Thousands)",2021,"Northern Ireland","Weekly","Full-Time",766,319,447
"Number of Jobs (Thousands)",2021,"Northern Ireland","Weekly","Part-Time",312,230,81
"Number of Jobs (Thousands)",2021,"Antrim and Newtownabbey","Hourly (excluding overtime)","All",77,40,36
"Number of Jobs (Thousands)",2021,"Antrim and Newtownabbey","Hourly (excluding overtime)","Full-Time",54,23,31
"Number of Jobs (Thousands)",2021,"Antrim and Newtownabbey","Hourly (excluding overtime)","Part-Time",23,17,5
"Number of Jobs (Thousands)",2021,"Antrim and Newtownabbey","Weekly","All",77,40,36
"Number of Jobs (Thousands)",2021,"Antrim and Newtownabbey","Weekly","Full-Time",54,23,31
"Number of Jobs (Thousands)",2021,"Antrim and Newtownabbey","Weekly","Part-Time",23,17,5
"Number of Jobs (Thousands)",2021,"Armagh City, Banbridge and Craigavon","Hourly (excluding overtime)","All",116,62,54
"Number of Jobs (Thousands)",2021,"Armagh City, Banbridge and Craigavon","Hourly (excluding overtime)","Full-Time",78,34,44
"Number of Jobs (Thousands)",2021,"Armagh City, Banbridge and Craigavon","Hourly (excluding overtime)","Part-Time",38,28,10
"Number of Jobs (Thousands)",2021,"Armagh City, Banbridge and Craigavon","Weekly","All",116,62,54
"Number of Jobs (Thousands)",2021,"Armagh City, Banbridge and Craigavon","Weekly","Full-Time",78,34,44
"Number of Jobs (Thousands)",2021,"Armagh City, Banbridge and Craigavon","Weekly","Part-Time",38,28,10
"Number of Jobs (Thousands)",2021,"Belfast","Hourly (excluding overtime)","All",314,156,159
"Number of Jobs (Thousands)",2021,"Belfast","Hourly (excluding overtime)","Full-Time",243,103,140
"Number of Jobs (Thousands)",2021,"Belfast","Hourly (excluding overtime)","Part-Time",71,52,19
"Number of Jobs (Thousands)",2021,"Belfast","Weekly","All",314,156,159
"Number of Jobs (Thousands)",2021,"Belfast","Weekly","Full-Time",243,103,140
"Number of Jobs (Thousands)",2021,"Belfast","Weekly","Part-Time",71,52,19
"Number of Jobs (Thousands)",2021,"Causeway Coast and Glens","Hourly (excluding overtime)","All",59,33,26
"Number of Jobs (Thousands)",2021,"Causeway Coast and Glens","Hourly (excluding overtime)","Full-Time",38,16,22
"Number of Jobs (Thousands)",2021,"Causeway Coast and Glens","Hourly (excluding overtime)","Part-Time",21,16,NA
"Number of Jobs (Thousands)",2021,"Causeway Coast and Glens","Weekly","All",59,33,26
"Number of Jobs (Thousands)",2021,"Causeway Coast and Glens","Weekly","Full-Time",38,16,22
"Number of Jobs (Thousands)",2021,"Causeway Coast and Glens","Weekly","Part-Time",21,16,NA
"Number of Jobs (Thousands)",2021,"Derry City and Strabane","Hourly (excluding overtime)","All",76,41,35
"Number of Jobs (Thousands)",2021,"Derry City and Strabane","Hourly (excluding overtime)","Full-Time",50,22,28
"Number of Jobs (Thousands)",2021,"Derry City and Strabane","Hourly (excluding overtime)","Part-Time",26,18,7
"Number of Jobs (Thousands)",2021,"Derry City and Strabane","Weekly","All",76,41,35
"Number of Jobs (Thousands)",2021,"Derry City and Strabane","Weekly","Full-Time",50,22,28
"Number of Jobs (Thousands)",2021,"Derry City and Strabane","Weekly","Part-Time",26,18,7
"Number of Jobs (Thousands)",2021,"Fermanagh and Omagh","Hourly (excluding overtime)","All",58,32,26
"Number of Jobs (Thousands)",2021,"Fermanagh and Omagh","Hourly (excluding overtime)","Full-Time",37,16,21
"Number of Jobs (Thousands)",2021,"Fermanagh and Omagh","Hourly (excluding overtime)","Part-Time",21,16,NA
"Number of Jobs (Thousands)",2021,"Fermanagh and Omagh","Weekly","All",58,32,26
"Number of Jobs (Thousands)",2021,"Fermanagh and Omagh","Weekly","Full-Time",37,16,21
"Number of Jobs (Thousands)",2021,"Fermanagh and Omagh","Weekly","Part-Time",21,16,NA
"Number of Jobs (Thousands)",2021,"Lisburn and Castlereagh","Hourly (excluding overtime)","All",83,42,41
"Number of Jobs (Thousands)",2021,"Lisburn and Castlereagh","Hourly (excluding overtime)","Full-Time",60,24,36
"Number of Jobs (Thousands)",2021,"Lisburn and Castlereagh","Hourly (excluding overtime)","Part-Time",24,18,NA
"Number of Jobs (Thousands)",2021,"Lisburn and Castlereagh","Weekly","All",83,42,41
"Number of Jobs (Thousands)",2021,"Lisburn and Castlereagh","Weekly","Full-Time",60,24,36
"Number of Jobs (Thousands)",2021,"Lisburn and Castlereagh","Weekly","Part-Time",24,18,NA
"Number of Jobs (Thousands)",2021,"Mid and East Antrim","Hourly (excluding overtime)","All",58,31,27
"Number of Jobs (Thousands)",2021,"Mid and East Antrim","Hourly (excluding overtime)","Full-Time",37,15,22
"Number of Jobs (Thousands)",2021,"Mid and East Antrim","Hourly (excluding overtime)","Part-Time",21,16,NA
"Number of Jobs (Thousands)",2021,"Mid and East Antrim","Weekly","All",58,31,27
"Number of Jobs (Thousands)",2021,"Mid and East Antrim","Weekly","Full-Time",37,15,22
"Number of Jobs (Thousands)",2021,"Mid and East Antrim","Weekly","Part-Time",21,16,NA
"Number of Jobs (Thousands)",2021,"Mid Ulster","Hourly (excluding overtime)","All",78,31,47
"Number of Jobs (Thousands)",2021,"Mid Ulster","Hourly (excluding overtime)","Full-Time",58,18,41
"Number of Jobs (Thousands)",2021,"Mid Ulster","Hourly (excluding overtime)","Part-Time",19,13,7
"Number of Jobs (Thousands)",2021,"Mid Ulster","Weekly","All",78,31,47
"Number of Jobs (Thousands)",2021,"Mid Ulster","Weekly","Full-Time",58,18,41
"Number of Jobs (Thousands)",2021,"Mid Ulster","Weekly","Part-Time",19,13,7
"Number of Jobs (Thousands)",2021,"Newry, Mourne and Down","Hourly (excluding overtime)","All",82,44,38
"Number of Jobs (Thousands)",2021,"Newry, Mourne and Down","Hourly (excluding overtime)","Full-Time",56,26,29
"Number of Jobs (Thousands)",2021,"Newry, Mourne and Down","Hourly (excluding overtime)","Part-Time",27,18,8
"Number of Jobs (Thousands)",2021,"Newry, Mourne and Down","Weekly","All",82,44,38
"Number of Jobs (Thousands)",2021,"Newry, Mourne and Down","Weekly","Full-Time",56,26,29
"Number of Jobs (Thousands)",2021,"Newry, Mourne and Down","Weekly","Part-Time",27,18,8
"Number of Jobs (Thousands)",2021,"Ards and North Down","Hourly (excluding overtime)","All",54,31,23
"Number of Jobs (Thousands)",2021,"Ards and North Down","Hourly (excluding overtime)","Full-Time",33,14,18
"Number of Jobs (Thousands)",2021,"Ards and North Down","Hourly (excluding overtime)","Part-Time",22,17,NA
"Number of Jobs (Thousands)",2021,"Ards and North Down","Weekly","All",54,31,23
"Number of Jobs (Thousands)",2021,"Ards and North Down","Weekly","Full-Time",33,14,18
"Number of Jobs (Thousands)",2021,"Ards and North Down","Weekly","Part-Time",22,17,NA
"Number of Jobs (Thousands)",2022,"Northern Ireland","Hourly (excluding overtime)","All",1180,594,586
"Number of Jobs (Thousands)",2022,"Northern Ireland","Hourly (excluding overtime)","Full-Time",852,348,504
"Number of Jobs (Thousands)",2022,"Northern Ireland","Hourly (excluding overtime)","Part-Time",328,246,83
"Number of Jobs (Thousands)",2022,"Northern Ireland","Weekly","All",1180,594,586
"Number of Jobs (Thousands)",2022,"Northern Ireland","Weekly","Full-Time",852,348,504
"Number of Jobs (Thousands)",2022,"Northern Ireland","Weekly","Part-Time",328,246,83
"Number of Jobs (Thousands)",2022,"Antrim and Newtownabbey","Hourly (excluding overtime)","All",79,46,34
"Number of Jobs (Thousands)",2022,"Antrim and Newtownabbey","Hourly (excluding overtime)","Full-Time",57,28,29
"Number of Jobs (Thousands)",2022,"Antrim and Newtownabbey","Hourly (excluding overtime)","Part-Time",22,18,NA
"Number of Jobs (Thousands)",2022,"Antrim and Newtownabbey","Weekly","All",79,46,34
"Number of Jobs (Thousands)",2022,"Antrim and Newtownabbey","Weekly","Full-Time",57,28,29
"Number of Jobs (Thousands)",2022,"Antrim and Newtownabbey","Weekly","Part-Time",22,18,NA
"Number of Jobs (Thousands)",2022,"Armagh City, Banbridge and Craigavon","Hourly (excluding overtime)","All",123,68,56
"Number of Jobs (Thousands)",2022,"Armagh City, Banbridge and Craigavon","Hourly (excluding overtime)","Full-Time",85,38,48
"Number of Jobs (Thousands)",2022,"Armagh City, Banbridge and Craigavon","Hourly (excluding overtime)","Part-Time",38,30,8
"Number of Jobs (Thousands)",2022,"Armagh City, Banbridge and Craigavon","Weekly","All",123,68,56
"Number of Jobs (Thousands)",2022,"Armagh City, Banbridge and Craigavon","Weekly","Full-Time",85,38,48
"Number of Jobs (Thousands)",2022,"Armagh City, Banbridge and Craigavon","Weekly","Part-Time",38,30,8
"Number of Jobs (Thousands)",2022,"Belfast","Hourly (excluding overtime)","All",358,174,185
"Number of Jobs (Thousands)",2022,"Belfast","Hourly (excluding overtime)","Full-Time",276,114,162
"Number of Jobs (Thousands)",2022,"Belfast","Hourly (excluding overtime)","Part-Time",83,60,22
"Number of Jobs (Thousands)",2022,"Belfast","Weekly","All",358,174,185
"Number of Jobs (Thousands)",2022,"Belfast","Weekly","Full-Time",276,114,162
"Number of Jobs (Thousands)",2022,"Belfast","Weekly","Part-Time",83,60,22
"Number of Jobs (Thousands)",2022,"Causeway Coast and Glens","Hourly (excluding overtime)","All",62,34,28
"Number of Jobs (Thousands)",2022,"Causeway Coast and Glens","Hourly (excluding overtime)","Full-Time",43,19,24
"Number of Jobs (Thousands)",2022,"Causeway Coast and Glens","Hourly (excluding overtime)","Part-Time",19,15,NA
"Number of Jobs (Thousands)",2022,"Causeway Coast and Glens","Weekly","All",62,34,28
"Number of Jobs (Thousands)",2022,"Causeway Coast and Glens","Weekly","Full-Time",43,19,24
"Number of Jobs (Thousands)",2022,"Causeway Coast and Glens","Weekly","Part-Time",19,15,NA
"Number of Jobs (Thousands)",2022,"Derry City and Strabane","Hourly (excluding overtime)","All",83,43,40
"Number of Jobs (Thousands)",2022,"Derry City and Strabane","Hourly (excluding overtime)","Full-Time",57,25,32
"Number of Jobs (Thousands)",2022,"Derry City and Strabane","Hourly (excluding overtime)","Part-Time",26,19,8
"Number of Jobs (Thousands)",2022,"Derry City and Strabane","Weekly","All",83,43,40
"Number of Jobs (Thousands)",2022,"Derry City and Strabane","Weekly","Full-Time",57,25,32
"Number of Jobs (Thousands)",2022,"Derry City and Strabane","Weekly","Part-Time",26,19,8
"Number of Jobs (Thousands)",2022,"Fermanagh and Omagh","Hourly (excluding overtime)","All",61,33,29
"Number of Jobs (Thousands)",2022,"Fermanagh and Omagh","Hourly (excluding overtime)","Full-Time",40,17,24
"Number of Jobs (Thousands)",2022,"Fermanagh and Omagh","Hourly (excluding overtime)","Part-Time",21,16,NA
"Number of Jobs (Thousands)",2022,"Fermanagh and Omagh","Weekly","All",61,33,29
"Number of Jobs (Thousands)",2022,"Fermanagh and Omagh","Weekly","Full-Time",40,17,24
"Number of Jobs (Thousands)",2022,"Fermanagh and Omagh","Weekly","Part-Time",21,16,NA
"Number of Jobs (Thousands)",2022,"Lisburn and Castlereagh","Hourly (excluding overtime)","All",89,45,44
"Number of Jobs (Thousands)",2022,"Lisburn and Castlereagh","Hourly (excluding overtime)","Full-Time",62,26,36
"Number of Jobs (Thousands)",2022,"Lisburn and Castlereagh","Hourly (excluding overtime)","Part-Time",27,19,8
"Number of Jobs (Thousands)",2022,"Lisburn and Castlereagh","Weekly","All",89,45,44
"Number of Jobs (Thousands)",2022,"Lisburn and Castlereagh","Weekly","Full-Time",62,26,36
"Number of Jobs (Thousands)",2022,"Lisburn and Castlereagh","Weekly","Part-Time",27,19,8
"Number of Jobs (Thousands)",2022,"Mid and East Antrim","Hourly (excluding overtime)","All",63,34,28
"Number of Jobs (Thousands)",2022,"Mid and East Antrim","Hourly (excluding overtime)","Full-Time",42,18,24
"Number of Jobs (Thousands)",2022,"Mid and East Antrim","Hourly (excluding overtime)","Part-Time",21,16,NA
"Number of Jobs (Thousands)",2022,"Mid and East Antrim","Weekly","All",63,34,28
"Number of Jobs (Thousands)",2022,"Mid and East Antrim","Weekly","Full-Time",42,18,24
"Number of Jobs (Thousands)",2022,"Mid and East Antrim","Weekly","Part-Time",21,16,NA
"Number of Jobs (Thousands)",2022,"Mid Ulster","Hourly (excluding overtime)","All",84,32,52
"Number of Jobs (Thousands)",2022,"Mid Ulster","Hourly (excluding overtime)","Full-Time",64,18,46
"Number of Jobs (Thousands)",2022,"Mid Ulster","Hourly (excluding overtime)","Part-Time",20,14,7
"Number of Jobs (Thousands)",2022,"Mid Ulster","Weekly","All",84,32,52
"Number of Jobs (Thousands)",2022,"Mid Ulster","Weekly","Full-Time",64,18,46
"Number of Jobs (Thousands)",2022,"Mid Ulster","Weekly","Part-Time",20,14,7
"Number of Jobs (Thousands)",2022,"Newry, Mourne and Down","Hourly (excluding overtime)","All",88,45,43
"Number of Jobs (Thousands)",2022,"Newry, Mourne and Down","Hourly (excluding overtime)","Full-Time",61,25,36
"Number of Jobs (Thousands)",2022,"Newry, Mourne and Down","Hourly (excluding overtime)","Part-Time",27,20,7
"Number of Jobs (Thousands)",2022,"Newry, Mourne and Down","Weekly","All",88,45,43
"Number of Jobs (Thousands)",2022,"Newry, Mourne and Down","Weekly","Full-Time",61,25,36
"Number of Jobs (Thousands)",2022,"Newry, Mourne and Down","Weekly","Part-Time",27,20,7
"Number of Jobs (Thousands)",2022,"Ards and North Down","Hourly (excluding overtime)","All",57,32,25
"Number of Jobs (Thousands)",2022,"Ards and North Down","Hourly (excluding overtime)","Full-Time",34,14,20
"Number of Jobs (Thousands)",2022,"Ards and North Down","Hourly (excluding overtime)","Part-Time",23,18,NA
"Number of Jobs (Thousands)",2022,"Ards and North Down","Weekly","All",57,32,25
"Number of Jobs (Thousands)",2022,"Ards and North Down","Weekly","Full-Time",34,14,20
"Number of Jobs (Thousands)",2022,"Ards and North Down","Weekly","Part-Time",23,18,NA
"Number of Jobs (Thousands)",2023,"Northern Ireland","Hourly (excluding overtime)","All",1112,566,546
"Number of Jobs (Thousands)",2023,"Northern Ireland","Hourly (excluding overtime)","Full-Time",784,330,453
"Number of Jobs (Thousands)",2023,"Northern Ireland","Hourly (excluding overtime)","Part-Time",329,236,93
"Number of Jobs (Thousands)",2023,"Northern Ireland","Weekly","All",1112,566,546
"Number of Jobs (Thousands)",2023,"Northern Ireland","Weekly","Full-Time",784,330,453
"Number of Jobs (Thousands)",2023,"Northern Ireland","Weekly","Part-Time",329,236,93
"Number of Jobs (Thousands)",2023,"Antrim and Newtownabbey","Hourly (excluding overtime)","All",72,39,34
"Number of Jobs (Thousands)",2023,"Antrim and Newtownabbey","Hourly (excluding overtime)","Full-Time",51,22,29
"Number of Jobs (Thousands)",2023,"Antrim and Newtownabbey","Hourly (excluding overtime)","Part-Time",21,17,NA
"Number of Jobs (Thousands)",2023,"Antrim and Newtownabbey","Weekly","All",72,39,34
"Number of Jobs (Thousands)",2023,"Antrim and Newtownabbey","Weekly","Full-Time",51,22,29
"Number of Jobs (Thousands)",2023,"Antrim and Newtownabbey","Weekly","Part-Time",21,17,NA
"Number of Jobs (Thousands)",2023,"Armagh City, Banbridge and Craigavon","Hourly (excluding overtime)","All",114,61,53
"Number of Jobs (Thousands)",2023,"Armagh City, Banbridge and Craigavon","Hourly (excluding overtime)","Full-Time",76,32,45
"Number of Jobs (Thousands)",2023,"Armagh City, Banbridge and Craigavon","Hourly (excluding overtime)","Part-Time",38,29,9
"Number of Jobs (Thousands)",2023,"Armagh City, Banbridge and Craigavon","Weekly","All",114,61,53
"Number of Jobs (Thousands)",2023,"Armagh City, Banbridge and Craigavon","Weekly","Full-Time",76,32,45
"Number of Jobs (Thousands)",2023,"Armagh City, Banbridge and Craigavon","Weekly","Part-Time",38,29,9
"Number of Jobs (Thousands)",2023,"Belfast","Hourly (excluding overtime)","All",350,175,175
"Number of Jobs (Thousands)",2023,"Belfast","Hourly (excluding overtime)","Full-Time",266,117,149
"Number of Jobs (Thousands)",2023,"Belfast","Hourly (excluding overtime)","Part-Time",84,58,26
"Number of Jobs (Thousands)",2023,"Belfast","Weekly","All",350,175,175
"Number of Jobs (Thousands)",2023,"Belfast","Weekly","Full-Time",266,117,149
"Number of Jobs (Thousands)",2023,"Belfast","Weekly","Part-Time",84,58,26
"Number of Jobs (Thousands)",2023,"Causeway Coast and Glens","Hourly (excluding overtime)","All",59,33,27
"Number of Jobs (Thousands)",2023,"Causeway Coast and Glens","Hourly (excluding overtime)","Full-Time",41,20,21
"Number of Jobs (Thousands)",2023,"Causeway Coast and Glens","Hourly (excluding overtime)","Part-Time",19,13,6
"Number of Jobs (Thousands)",2023,"Causeway Coast and Glens","Weekly","All",59,33,27
"Number of Jobs (Thousands)",2023,"Causeway Coast and Glens","Weekly","Full-Time",41,20,21
"Number of Jobs (Thousands)",2023,"Causeway Coast and Glens","Weekly","Part-Time",19,13,6
"Number of Jobs (Thousands)",2023,"Derry City and Strabane","Hourly (excluding overtime)","All",77,39,38
"Number of Jobs (Thousands)",2023,"Derry City and Strabane","Hourly (excluding overtime)","Full-Time",51,21,29
"Number of Jobs (Thousands)",2023,"Derry City and Strabane","Hourly (excluding overtime)","Part-Time",27,18,9
"Number of Jobs (Thousands)",2023,"Derry City and Strabane","Weekly","All",77,39,38
"Number of Jobs (Thousands)",2023,"Derry City and Strabane","Weekly","Full-Time",51,21,29
"Number of Jobs (Thousands)",2023,"Derry City and Strabane","Weekly","Part-Time",27,18,9
"Number of Jobs (Thousands)",2023,"Fermanagh and Omagh","Hourly (excluding overtime)","All",58,31,27
"Number of Jobs (Thousands)",2023,"Fermanagh and Omagh","Hourly (excluding overtime)","Full-Time",37,15,22
"Number of Jobs (Thousands)",2023,"Fermanagh and Omagh","Hourly (excluding overtime)","Part-Time",21,16,NA
"Number of Jobs (Thousands)",2023,"Fermanagh and Omagh","Weekly","All",58,31,27
"Number of Jobs (Thousands)",2023,"Fermanagh and Omagh","Weekly","Full-Time",37,15,22
"Number of Jobs (Thousands)",2023,"Fermanagh and Omagh","Weekly","Part-Time",21,16,NA
"Number of Jobs (Thousands)",2023,"Lisburn and Castlereagh","Hourly (excluding overtime)","All",81,43,39
"Number of Jobs (Thousands)",2023,"Lisburn and Castlereagh","Hourly (excluding overtime)","Full-Time",55,23,31
"Number of Jobs (Thousands)",2023,"Lisburn and Castlereagh","Hourly (excluding overtime)","Part-Time",27,19,7
"Number of Jobs (Thousands)",2023,"Lisburn and Castlereagh","Weekly","All",81,43,39
"Number of Jobs (Thousands)",2023,"Lisburn and Castlereagh","Weekly","Full-Time",55,23,31
"Number of Jobs (Thousands)",2023,"Lisburn and Castlereagh","Weekly","Part-Time",27,19,7
"Number of Jobs (Thousands)",2023,"Mid and East Antrim","Hourly (excluding overtime)","All",62,31,31
"Number of Jobs (Thousands)",2023,"Mid and East Antrim","Hourly (excluding overtime)","Full-Time",41,17,25
"Number of Jobs (Thousands)",2023,"Mid and East Antrim","Hourly (excluding overtime)","Part-Time",21,14,NA
"Number of Jobs (Thousands)",2023,"Mid and East Antrim","Weekly","All",62,31,31
"Number of Jobs (Thousands)",2023,"Mid and East Antrim","Weekly","Full-Time",41,17,25
"Number of Jobs (Thousands)",2023,"Mid and East Antrim","Weekly","Part-Time",21,14,NA
"Number of Jobs (Thousands)",2023,"Mid Ulster","Hourly (excluding overtime)","All",79,33,46
"Number of Jobs (Thousands)",2023,"Mid Ulster","Hourly (excluding overtime)","Full-Time",57,18,39
"Number of Jobs (Thousands)",2023,"Mid Ulster","Hourly (excluding overtime)","Part-Time",21,14,7
"Number of Jobs (Thousands)",2023,"Mid Ulster","Weekly","All",79,33,46
"Number of Jobs (Thousands)",2023,"Mid Ulster","Weekly","Full-Time",57,18,39
"Number of Jobs (Thousands)",2023,"Mid Ulster","Weekly","Part-Time",21,14,7
"Number of Jobs (Thousands)",2023,"Newry, Mourne and Down","Hourly (excluding overtime)","All",84,45,39
"Number of Jobs (Thousands)",2023,"Newry, Mourne and Down","Hourly (excluding overtime)","Full-Time",55,23,32
"Number of Jobs (Thousands)",2023,"Newry, Mourne and Down","Hourly (excluding overtime)","Part-Time",29,21,8
"Number of Jobs (Thousands)",2023,"Newry, Mourne and Down","Weekly","All",84,45,39
"Number of Jobs (Thousands)",2023,"Newry, Mourne and Down","Weekly","Full-Time",55,23,32
"Number of Jobs (Thousands)",2023,"Newry, Mourne and Down","Weekly","Part-Time",29,21,8
"Number of Jobs (Thousands)",2023,"Ards and North Down","Hourly (excluding overtime)","All",56,33,23
"Number of Jobs (Thousands)",2023,"Ards and North Down","Hourly (excluding overtime)","Full-Time",34,17,17
"Number of Jobs (Thousands)",2023,"Ards and North Down","Hourly (excluding overtime)","Part-Time",22,17,NA
"Number of Jobs (Thousands)",2023,"Ards and North Down","Weekly","All",56,33,23
"Number of Jobs (Thousands)",2023,"Ards and North Down","Weekly","Full-Time",34,17,17
"Number of Jobs (Thousands)",2023,"Ards and North Down","Weekly","Part-Time",22,17,NA
"Number of Jobs (Thousands)",2024,"Northern Ireland","Hourly (excluding overtime)","All",1060,545,515
"Number of Jobs (Thousands)",2024,"Northern Ireland","Hourly (excluding overtime)","Full-Time",748,322,426
"Number of Jobs (Thousands)",2024,"Northern Ireland","Hourly (excluding overtime)","Part-Time",312,223,89
"Number of Jobs (Thousands)",2024,"Northern Ireland","Weekly","All",1060,545,515
"Number of Jobs (Thousands)",2024,"Northern Ireland","Weekly","Full-Time",748,322,426
"Number of Jobs (Thousands)",2024,"Northern Ireland","Weekly","Part-Time",312,223,89
"Number of Jobs (Thousands)",2024,"Antrim and Newtownabbey","Hourly (excluding overtime)","All",71,38,33
"Number of Jobs (Thousands)",2024,"Antrim and Newtownabbey","Hourly (excluding overtime)","Full-Time",51,23,28
"Number of Jobs (Thousands)",2024,"Antrim and Newtownabbey","Hourly (excluding overtime)","Part-Time",20,16,5
"Number of Jobs (Thousands)",2024,"Antrim and Newtownabbey","Weekly","All",71,38,33
"Number of Jobs (Thousands)",2024,"Antrim and Newtownabbey","Weekly","Full-Time",51,23,28
"Number of Jobs (Thousands)",2024,"Antrim and Newtownabbey","Weekly","Part-Time",20,16,5
"Number of Jobs (Thousands)",2024,"Armagh City, Banbridge and Craigavon","Hourly (excluding overtime)","All",108,60,48
"Number of Jobs (Thousands)",2024,"Armagh City, Banbridge and Craigavon","Hourly (excluding overtime)","Full-Time",73,33,39
"Number of Jobs (Thousands)",2024,"Armagh City, Banbridge and Craigavon","Hourly (excluding overtime)","Part-Time",35,26,9
"Number of Jobs (Thousands)",2024,"Armagh City, Banbridge and Craigavon","Weekly","All",108,60,48
"Number of Jobs (Thousands)",2024,"Armagh City, Banbridge and Craigavon","Weekly","Full-Time",73,33,39
"Number of Jobs (Thousands)",2024,"Armagh City, Banbridge and Craigavon","Weekly","Part-Time",35,26,9
"Number of Jobs (Thousands)",2024,"Belfast","Hourly (excluding overtime)","All",327,166,162
"Number of Jobs (Thousands)",2024,"Belfast","Hourly (excluding overtime)","Full-Time",252,114,138
"Number of Jobs (Thousands)",2024,"Belfast","Hourly (excluding overtime)","Part-Time",75,52,23
"Number of Jobs (Thousands)",2024,"Belfast","Weekly","All",327,166,162
"Number of Jobs (Thousands)",2024,"Belfast","Weekly","Full-Time",252,114,138
"Number of Jobs (Thousands)",2024,"Belfast","Weekly","Part-Time",75,52,23
"Number of Jobs (Thousands)",2024,"Causeway Coast and Glens","Hourly (excluding overtime)","All",56,30,26
"Number of Jobs (Thousands)",2024,"Causeway Coast and Glens","Hourly (excluding overtime)","Full-Time",37,16,21
"Number of Jobs (Thousands)",2024,"Causeway Coast and Glens","Hourly (excluding overtime)","Part-Time",20,14,5
"Number of Jobs (Thousands)",2024,"Causeway Coast and Glens","Weekly","All",56,30,26
"Number of Jobs (Thousands)",2024,"Causeway Coast and Glens","Weekly","Full-Time",37,16,21
"Number of Jobs (Thousands)",2024,"Causeway Coast and Glens","Weekly","Part-Time",20,14,5
"Number of Jobs (Thousands)",2024,"Derry City and Strabane","Hourly (excluding overtime)","All",77,42,35
"Number of Jobs (Thousands)",2024,"Derry City and Strabane","Hourly (excluding overtime)","Full-Time",50,23,27
"Number of Jobs (Thousands)",2024,"Derry City and Strabane","Hourly (excluding overtime)","Part-Time",27,19,8
"Number of Jobs (Thousands)",2024,"Derry City and Strabane","Weekly","All",77,42,35
"Number of Jobs (Thousands)",2024,"Derry City and Strabane","Weekly","Full-Time",50,23,27
"Number of Jobs (Thousands)",2024,"Derry City and Strabane","Weekly","Part-Time",27,19,8
"Number of Jobs (Thousands)",2024,"Fermanagh and Omagh","Hourly (excluding overtime)","All",55,29,27
"Number of Jobs (Thousands)",2024,"Fermanagh and Omagh","Hourly (excluding overtime)","Full-Time",35,14,21
"Number of Jobs (Thousands)",2024,"Fermanagh and Omagh","Hourly (excluding overtime)","Part-Time",20,15,5
"Number of Jobs (Thousands)",2024,"Fermanagh and Omagh","Weekly","All",55,29,27
"Number of Jobs (Thousands)",2024,"Fermanagh and Omagh","Weekly","Full-Time",35,14,21
"Number of Jobs (Thousands)",2024,"Fermanagh and Omagh","Weekly","Part-Time",20,15,5
"Number of Jobs (Thousands)",2024,"Lisburn and Castlereagh","Hourly (excluding overtime)","All",78,42,35
"Number of Jobs (Thousands)",2024,"Lisburn and Castlereagh","Hourly (excluding overtime)","Full-Time",52,24,28
"Number of Jobs (Thousands)",2024,"Lisburn and Castlereagh","Hourly (excluding overtime)","Part-Time",26,18,8
"Number of Jobs (Thousands)",2024,"Lisburn and Castlereagh","Weekly","All",78,42,35
"Number of Jobs (Thousands)",2024,"Lisburn and Castlereagh","Weekly","Full-Time",52,24,28
"Number of Jobs (Thousands)",2024,"Lisburn and Castlereagh","Weekly","Part-Time",26,18,8
"Number of Jobs (Thousands)",2024,"Mid and East Antrim","Hourly (excluding overtime)","All",57,27,30
"Number of Jobs (Thousands)",2024,"Mid and East Antrim","Hourly (excluding overtime)","Full-Time",40,15,25
"Number of Jobs (Thousands)",2024,"Mid and East Antrim","Hourly (excluding overtime)","Part-Time",18,13,NA
"Number of Jobs (Thousands)",2024,"Mid and East Antrim","Weekly","All",57,27,30
"Number of Jobs (Thousands)",2024,"Mid and East Antrim","Weekly","Full-Time",40,15,25
"Number of Jobs (Thousands)",2024,"Mid and East Antrim","Weekly","Part-Time",18,13,NA
"Number of Jobs (Thousands)",2024,"Mid Ulster","Hourly (excluding overtime)","All",77,32,46
"Number of Jobs (Thousands)",2024,"Mid Ulster","Hourly (excluding overtime)","Full-Time",58,18,40
"Number of Jobs (Thousands)",2024,"Mid Ulster","Hourly (excluding overtime)","Part-Time",20,13,6
"Number of Jobs (Thousands)",2024,"Mid Ulster","Weekly","All",77,32,46
"Number of Jobs (Thousands)",2024,"Mid Ulster","Weekly","Full-Time",58,18,40
"Number of Jobs (Thousands)",2024,"Mid Ulster","Weekly","Part-Time",20,13,6
"Number of Jobs (Thousands)",2024,"Newry, Mourne and Down","Hourly (excluding overtime)","All",78,43,36
"Number of Jobs (Thousands)",2024,"Newry, Mourne and Down","Hourly (excluding overtime)","Full-Time",51,23,27
"Number of Jobs (Thousands)",2024,"Newry, Mourne and Down","Hourly (excluding overtime)","Part-Time",28,19,8
"Number of Jobs (Thousands)",2024,"Newry, Mourne and Down","Weekly","All",78,43,36
"Number of Jobs (Thousands)",2024,"Newry, Mourne and Down","Weekly","Full-Time",51,23,27
"Number of Jobs (Thousands)",2024,"Newry, Mourne and Down","Weekly","Part-Time",28,19,8
"Number of Jobs (Thousands)",2024,"Ards and North Down","Hourly (excluding overtime)","All",57,33,23
"Number of Jobs (Thousands)",2024,"Ards and North Down","Hourly (excluding overtime)","Full-Time",33,16,17
"Number of Jobs (Thousands)",2024,"Ards and North Down","Hourly (excluding overtime)","Part-Time",24,18,6
"Number of Jobs (Thousands)",2024,"Ards and North Down","Weekly","All",57,33,23
"Number of Jobs (Thousands)",2024,"Ards and North Down","Weekly","Full-Time",33,16,17
"Number of Jobs (Thousands)",2024,"Ards and North Down","Weekly","Part-Time",24,18,6
"Number of Jobs (Thousands)",2025,"Northern Ireland","Hourly (excluding overtime)","All",1119,587,531
"Number of Jobs (Thousands)",2025,"Northern Ireland","Hourly (excluding overtime)","Full-Time",787,343,444
"Number of Jobs (Thousands)",2025,"Northern Ireland","Hourly (excluding overtime)","Part-Time",332,245,87
"Number of Jobs (Thousands)",2025,"Northern Ireland","Weekly","All",1119,587,531
"Number of Jobs (Thousands)",2025,"Northern Ireland","Weekly","Full-Time",787,343,444
"Number of Jobs (Thousands)",2025,"Northern Ireland","Weekly","Part-Time",332,245,87
"Number of Jobs (Thousands)",2025,"Antrim and Newtownabbey","Hourly (excluding overtime)","All",76,39,37
"Number of Jobs (Thousands)",2025,"Antrim and Newtownabbey","Hourly (excluding overtime)","Full-Time",55,23,32
"Number of Jobs (Thousands)",2025,"Antrim and Newtownabbey","Hourly (excluding overtime)","Part-Time",21,16,NA
"Number of Jobs (Thousands)",2025,"Antrim and Newtownabbey","Weekly","All",76,39,37
"Number of Jobs (Thousands)",2025,"Antrim and Newtownabbey","Weekly","Full-Time",55,23,32
"Number of Jobs (Thousands)",2025,"Antrim and Newtownabbey","Weekly","Part-Time",21,16,NA
"Number of Jobs (Thousands)",2025,"Armagh City, Banbridge and Craigavon","Hourly (excluding overtime)","All",119,65,54
"Number of Jobs (Thousands)",2025,"Armagh City, Banbridge and Craigavon","Hourly (excluding overtime)","Full-Time",83,38,45
"Number of Jobs (Thousands)",2025,"Armagh City, Banbridge and Craigavon","Hourly (excluding overtime)","Part-Time",36,27,9
"Number of Jobs (Thousands)",2025,"Armagh City, Banbridge and Craigavon","Weekly","All",119,65,54
"Number of Jobs (Thousands)",2025,"Armagh City, Banbridge and Craigavon","Weekly","Full-Time",83,38,45
"Number of Jobs (Thousands)",2025,"Armagh City, Banbridge and Craigavon","Weekly","Part-Time",36,27,9
"Number of Jobs (Thousands)",2025,"Belfast","Hourly (excluding overtime)","All",353,181,173
"Number of Jobs (Thousands)",2025,"Belfast","Hourly (excluding overtime)","Full-Time",268,119,148
"Number of Jobs (Thousands)",2025,"Belfast","Hourly (excluding overtime)","Part-Time",86,61,24
"Number of Jobs (Thousands)",2025,"Belfast","Weekly","All",353,181,173
"Number of Jobs (Thousands)",2025,"Belfast","Weekly","Full-Time",268,119,148
"Number of Jobs (Thousands)",2025,"Belfast","Weekly","Part-Time",86,61,24
"Number of Jobs (Thousands)",2025,"Causeway Coast and Glens","Hourly (excluding overtime)","All",60,33,27
"Number of Jobs (Thousands)",2025,"Causeway Coast and Glens","Hourly (excluding overtime)","Full-Time",36,16,20
"Number of Jobs (Thousands)",2025,"Causeway Coast and Glens","Hourly (excluding overtime)","Part-Time",23,17,7
"Number of Jobs (Thousands)",2025,"Causeway Coast and Glens","Weekly","All",60,33,27
"Number of Jobs (Thousands)",2025,"Causeway Coast and Glens","Weekly","Full-Time",36,16,20
"Number of Jobs (Thousands)",2025,"Causeway Coast and Glens","Weekly","Part-Time",23,17,7
"Number of Jobs (Thousands)",2025,"Derry City and Strabane","Hourly (excluding overtime)","All",80,44,37
"Number of Jobs (Thousands)",2025,"Derry City and Strabane","Hourly (excluding overtime)","Full-Time",55,25,30
"Number of Jobs (Thousands)",2025,"Derry City and Strabane","Hourly (excluding overtime)","Part-Time",25,19,6
"Number of Jobs (Thousands)",2025,"Derry City and Strabane","Weekly","All",80,44,37
"Number of Jobs (Thousands)",2025,"Derry City and Strabane","Weekly","Full-Time",55,25,30
"Number of Jobs (Thousands)",2025,"Derry City and Strabane","Weekly","Part-Time",25,19,6
"Number of Jobs (Thousands)",2025,"Fermanagh and Omagh","Hourly (excluding overtime)","All",60,31,29
"Number of Jobs (Thousands)",2025,"Fermanagh and Omagh","Hourly (excluding overtime)","Full-Time",40,16,24
"Number of Jobs (Thousands)",2025,"Fermanagh and Omagh","Hourly (excluding overtime)","Part-Time",20,15,NA
"Number of Jobs (Thousands)",2025,"Fermanagh and Omagh","Weekly","All",60,31,29
"Number of Jobs (Thousands)",2025,"Fermanagh and Omagh","Weekly","Full-Time",40,16,24
"Number of Jobs (Thousands)",2025,"Fermanagh and Omagh","Weekly","Part-Time",20,15,NA
"Number of Jobs (Thousands)",2025,"Lisburn and Castlereagh","Hourly (excluding overtime)","All",85,46,39
"Number of Jobs (Thousands)",2025,"Lisburn and Castlereagh","Hourly (excluding overtime)","Full-Time",58,26,32
"Number of Jobs (Thousands)",2025,"Lisburn and Castlereagh","Hourly (excluding overtime)","Part-Time",27,20,7
"Number of Jobs (Thousands)",2025,"Lisburn and Castlereagh","Weekly","All",85,46,39
"Number of Jobs (Thousands)",2025,"Lisburn and Castlereagh","Weekly","Full-Time",58,26,32
"Number of Jobs (Thousands)",2025,"Lisburn and Castlereagh","Weekly","Part-Time",27,20,7
"Number of Jobs (Thousands)",2025,"Mid and East Antrim","Hourly (excluding overtime)","All",60,30,30
"Number of Jobs (Thousands)",2025,"Mid and East Antrim","Hourly (excluding overtime)","Full-Time",43,17,26
"Number of Jobs (Thousands)",2025,"Mid and East Antrim","Hourly (excluding overtime)","Part-Time",17,13,NA
"Number of Jobs (Thousands)",2025,"Mid and East Antrim","Weekly","All",60,30,30
"Number of Jobs (Thousands)",2025,"Mid and East Antrim","Weekly","Full-Time",43,17,26
"Number of Jobs (Thousands)",2025,"Mid and East Antrim","Weekly","Part-Time",17,13,NA
"Number of Jobs (Thousands)",2025,"Mid Ulster","Hourly (excluding overtime)","All",73,34,39
"Number of Jobs (Thousands)",2025,"Mid Ulster","Hourly (excluding overtime)","Full-Time",52,19,34
"Number of Jobs (Thousands)",2025,"Mid Ulster","Hourly (excluding overtime)","Part-Time",20,15,NA
"Number of Jobs (Thousands)",2025,"Mid Ulster","Weekly","All",73,34,39
"Number of Jobs (Thousands)",2025,"Mid Ulster","Weekly","Full-Time",52,19,34
"Number of Jobs (Thousands)",2025,"Mid Ulster","Weekly","Part-Time",20,15,NA
"Number of Jobs (Thousands)",2025,"Newry, Mourne and Down","Hourly (excluding overtime)","All",78,47,31
"Number of Jobs (Thousands)",2025,"Newry, Mourne and Down","Hourly (excluding overtime)","Full-Time",46,22,24
"Number of Jobs (Thousands)",2025,"Newry, Mourne and Down","Hourly (excluding overtime)","Part-Time",32,24,7
"Number of Jobs (Thousands)",2025,"Newry, Mourne and Down","Weekly","All",78,47,31
"Number of Jobs (Thousands)",2025,"Newry, Mourne and Down","Weekly","Full-Time",46,22,24
"Number of Jobs (Thousands)",2025,"Newry, Mourne and Down","Weekly","Part-Time",32,24,7
"Number of Jobs (Thousands)",2025,"Ards and North Down","Hourly (excluding overtime)","All",60,34,25
"Number of Jobs (Thousands)",2025,"Ards and North Down","Hourly (excluding overtime)","Full-Time",35,17,18
"Number of Jobs (Thousands)",2025,"Ards and North Down","Hourly (excluding overtime)","Part-Time",25,17,8
"Number of Jobs (Thousands)",2025,"Ards and North Down","Weekly","All",60,34,25
"Number of Jobs (Thousands)",2025,"Ards and North Down","Weekly","Full-Time",35,17,18
"Number of Jobs (Thousands)",2025,"Ards and North Down","Weekly","Part-Time",25,17,8
"Median Wage",2014,"Northern Ireland","Hourly (excluding overtime)","All",10.12,9.59,10.74
"Median Wage",2014,"Northern Ireland","Hourly (excluding overtime)","Full-Time",11.36,11.45,11.32
"Median Wage",2014,"Northern Ireland","Hourly (excluding overtime)","Part-Time",7.96,8.05,7.63
"Median Wage",2014,"Northern Ireland","Weekly","All",363.1,295.8,424.5
"Median Wage",2014,"Northern Ireland","Weekly","Full-Time",460,444.3,471.7
"Median Wage",2014,"Northern Ireland","Weekly","Part-Time",154.2,157.7,151.2
"Median Wage",2014,"Antrim and Newtownabbey","Hourly (excluding overtime)","All",10.34,10.29,10.39
"Median Wage",2014,"Antrim and Newtownabbey","Hourly (excluding overtime)","Full-Time",11.11,12.55,10.87
"Median Wage",2014,"Antrim and Newtownabbey","Hourly (excluding overtime)","Part-Time",8.23,8.52,7.7
"Median Wage",2014,"Antrim and Newtownabbey","Weekly","All",367.3,347.1,410.2
"Median Wage",2014,"Antrim and Newtownabbey","Weekly","Full-Time",472.3,485.7,450.4
"Median Wage",2014,"Antrim and Newtownabbey","Weekly","Part-Time",158.8,166.1,NA
"Median Wage",2014,"Armagh City, Banbridge and Craigavon","Hourly (excluding overtime)","All",9.41,9.28,9.69
"Median Wage",2014,"Armagh City, Banbridge and Craigavon","Hourly (excluding overtime)","Full-Time",10.69,11.37,10.2
"Median Wage",2014,"Armagh City, Banbridge and Craigavon","Hourly (excluding overtime)","Part-Time",7.8,7.99,6.84
"Median Wage",2014,"Armagh City, Banbridge and Craigavon","Weekly","All",344.9,285.4,392.6
"Median Wage",2014,"Armagh City, Banbridge and Craigavon","Weekly","Full-Time",429.7,432.1,425.2
"Median Wage",2014,"Armagh City, Banbridge and Craigavon","Weekly","Part-Time",157.5,169.3,141
"Median Wage",2014,"Belfast","Hourly (excluding overtime)","All",11.78,11.03,12.42
"Median Wage",2014,"Belfast","Hourly (excluding overtime)","Full-Time",12.68,12.37,12.99
"Median Wage",2014,"Belfast","Hourly (excluding overtime)","Part-Time",9.19,9.05,9.56
"Median Wage",2014,"Belfast","Weekly","All",422.8,339,474.8
"Median Wage",2014,"Belfast","Weekly","Full-Time",503.5,479.1,519.4
"Median Wage",2014,"Belfast","Weekly","Part-Time",185.7,185.7,185.7
"Median Wage",2014,"Causeway Coast and Glens","Hourly (excluding overtime)","All",8.24,8.22,8.24
"Median Wage",2014,"Causeway Coast and Glens","Hourly (excluding overtime)","Full-Time",9.25,9.95,8.71
"Median Wage",2014,"Causeway Coast and Glens","Hourly (excluding overtime)","Part-Time",7.11,7.11,6.98
"Median Wage",2014,"Causeway Coast and Glens","Weekly","All",293.3,278.9,323.3
"Median Wage",2014,"Causeway Coast and Glens","Weekly","Full-Time",394.2,380.8,397.7
"Median Wage",2014,"Causeway Coast and Glens","Weekly","Part-Time",124.2,114.3,130.4
"Median Wage",2014,"Derry City and Strabane","Hourly (excluding overtime)","All",11,12.16,9.66
"Median Wage",2014,"Derry City and Strabane","Hourly (excluding overtime)","Full-Time",11.38,12.5,10.17
"Median Wage",2014,"Derry City and Strabane","Hourly (excluding overtime)","Part-Time",9.03,11.04,NA
"Median Wage",2014,"Derry City and Strabane","Weekly","All",346.2,332.8,352
"Median Wage",2014,"Derry City and Strabane","Weekly","Full-Time",447.5,459.7,421.9
"Median Wage",2014,"Derry City and Strabane","Weekly","Part-Time",173.4,179.8,147
"Median Wage",2014,"Fermanagh and Omagh","Hourly (excluding overtime)","All",8.71,8.36,9.33
"Median Wage",2014,"Fermanagh and Omagh","Hourly (excluding overtime)","Full-Time",9.92,10.35,9.6
"Median Wage",2014,"Fermanagh and Omagh","Hourly (excluding overtime)","Part-Time",7.1,7.21,6.6
"Median Wage",2014,"Fermanagh and Omagh","Weekly","All",299.2,248.2,380.4
"Median Wage",2014,"Fermanagh and Omagh","Weekly","Full-Time",418,414.6,428.3
"Median Wage",2014,"Fermanagh and Omagh","Weekly","Part-Time",126.5,133.1,119.7
"Median Wage",2014,"Lisburn and Castlereagh","Hourly (excluding overtime)","All",9.1,8.69,9.67
"Median Wage",2014,"Lisburn and Castlereagh","Hourly (excluding overtime)","Full-Time",9.93,9.77,9.93
"Median Wage",2014,"Lisburn and Castlereagh","Hourly (excluding overtime)","Part-Time",7.45,7.56,NA
"Median Wage",2014,"Lisburn and Castlereagh","Weekly","All",319.3,246.3,387.3
"Median Wage",2014,"Lisburn and Castlereagh","Weekly","Full-Time",428.2,402.5,431.8
"Median Wage",2014,"Lisburn and Castlereagh","Weekly","Part-Time",153,151,153
"Median Wage",2014,"Mid and East Antrim","Hourly (excluding overtime)","All",10.01,9.1,11
"Median Wage",2014,"Mid and East Antrim","Hourly (excluding overtime)","Full-Time",11.27,10.94,11.59
"Median Wage",2014,"Mid and East Antrim","Hourly (excluding overtime)","Part-Time",7.91,7.91,7.64
"Median Wage",2014,"Mid and East Antrim","Weekly","All",363.5,281.8,438.2
"Median Wage",2014,"Mid and East Antrim","Weekly","Full-Time",456.4,421.6,477
"Median Wage",2014,"Mid and East Antrim","Weekly","Part-Time",167,168.3,153.4
"Median Wage",2014,"Mid Ulster","Hourly (excluding overtime)","All",8.93,8.08,9.25
"Median Wage",2014,"Mid Ulster","Hourly (excluding overtime)","Full-Time",9.49,9.65,9.44
"Median Wage",2014,"Mid Ulster","Hourly (excluding overtime)","Part-Time",7.44,7.24,7.45
"Median Wage",2014,"Mid Ulster","Weekly","All",325.7,256,379.1
"Median Wage",2014,"Mid Ulster","Weekly","Full-Time",408,340.2,417.1
"Median Wage",2014,"Mid Ulster","Weekly","Part-Time",135.3,130.9,142.4
"Median Wage",2014,"Newry, Mourne and Down","Hourly (excluding overtime)","All",9.05,7.93,9.6
"Median Wage",2014,"Newry, Mourne and Down","Hourly (excluding overtime)","Full-Time",9.77,9.42,10.01
"Median Wage",2014,"Newry, Mourne and Down","Hourly (excluding overtime)","Part-Time",7.33,7.21,7.49
"Median Wage",2014,"Newry, Mourne and Down","Weekly","All",317.9,243.5,363.7
"Median Wage",2014,"Newry, Mourne and Down","Weekly","Full-Time",411.9,383.8,435.7
"Median Wage",2014,"Newry, Mourne and Down","Weekly","Part-Time",150.3,148,159.4
"Median Wage",2014,"Ards and North Down","Hourly (excluding overtime)","All",9.39,9.02,9.95
"Median Wage",2014,"Ards and North Down","Hourly (excluding overtime)","Full-Time",10.92,10.54,11.03
"Median Wage",2014,"Ards and North Down","Hourly (excluding overtime)","Part-Time",7.57,7.52,7.53
"Median Wage",2014,"Ards and North Down","Weekly","All",316.3,220.5,390.2
"Median Wage",2014,"Ards and North Down","Weekly","Full-Time",425.6,411.8,448.9
"Median Wage",2014,"Ards and North Down","Weekly","Part-Time",136.5,139.1,NA
"Median Wage",2015,"Northern Ireland","Hourly (excluding overtime)","All",10.54,9.86,11.17
"Median Wage",2015,"Northern Ireland","Hourly (excluding overtime)","Full-Time",11.97,12.08,11.9
"Median Wage",2015,"Northern Ireland","Hourly (excluding overtime)","Part-Time",8.04,8.13,7.87
"Median Wage",2015,"Northern Ireland","Weekly","All",381.9,310.2,446.4
"Median Wage",2015,"Northern Ireland","Weekly","Full-Time",484.7,459.9,498.3
"Median Wage",2015,"Northern Ireland","Weekly","Part-Time",162.5,168.1,153.7
"Median Wage",2015,"Antrim and Newtownabbey","Hourly (excluding overtime)","All",10.92,9.93,11.24
"Median Wage",2015,"Antrim and Newtownabbey","Hourly (excluding overtime)","Full-Time",11.78,11.87,11.78
"Median Wage",2015,"Antrim and Newtownabbey","Hourly (excluding overtime)","Part-Time",8.01,8.31,6.82
"Median Wage",2015,"Antrim and Newtownabbey","Weekly","All",379.9,321.3,472.4
"Median Wage",2015,"Antrim and Newtownabbey","Weekly","Full-Time",489,444.3,514
"Median Wage",2015,"Antrim and Newtownabbey","Weekly","Part-Time",169.6,177.1,NA
"Median Wage",2015,"Armagh City, Banbridge and Craigavon","Hourly (excluding overtime)","All",9.61,8.85,10.1
"Median Wage",2015,"Armagh City, Banbridge and Craigavon","Hourly (excluding overtime)","Full-Time",10.59,10.67,10.53
"Median Wage",2015,"Armagh City, Banbridge and Craigavon","Hourly (excluding overtime)","Part-Time",8,7.93,8.25
"Median Wage",2015,"Armagh City, Banbridge and Craigavon","Weekly","All",347.1,274.4,412.1
"Median Wage",2015,"Armagh City, Banbridge and Craigavon","Weekly","Full-Time",442.9,411.9,454.4
"Median Wage",2015,"Armagh City, Banbridge and Craigavon","Weekly","Part-Time",155,161.7,138.9
"Median Wage",2015,"Belfast","Hourly (excluding overtime)","All",12.44,11.51,13.39
"Median Wage",2015,"Belfast","Hourly (excluding overtime)","Full-Time",13.79,13.62,13.96
"Median Wage",2015,"Belfast","Hourly (excluding overtime)","Part-Time",8.91,8.91,8.5
"Median Wage",2015,"Belfast","Weekly","All",456.3,377,507.9
"Median Wage",2015,"Belfast","Weekly","Full-Time",538,507.4,564.8
"Median Wage",2015,"Belfast","Weekly","Part-Time",186.8,186.9,175.5
"Median Wage",2015,"Causeway Coast and Glens","Hourly (excluding overtime)","All",8.77,8.63,8.81
"Median Wage",2015,"Causeway Coast and Glens","Hourly (excluding overtime)","Full-Time",9.1,9.69,8.95
"Median Wage",2015,"Causeway Coast and Glens","Hourly (excluding overtime)","Part-Time",7.86,7.92,NA
"Median Wage",2015,"Causeway Coast and Glens","Weekly","All",301.8,258.7,339.5
"Median Wage",2015,"Causeway Coast and Glens","Weekly","Full-Time",394.5,390.6,395
"Median Wage",2015,"Causeway Coast and Glens","Weekly","Part-Time",149,147,NA
"Median Wage",2015,"Derry City and Strabane","Hourly (excluding overtime)","All",10.12,10.42,9.52
"Median Wage",2015,"Derry City and Strabane","Hourly (excluding overtime)","Full-Time",11.56,12.89,10.46
"Median Wage",2015,"Derry City and Strabane","Hourly (excluding overtime)","Part-Time",7.67,7.9,7.11
"Median Wage",2015,"Derry City and Strabane","Weekly","All",356.1,311.3,374.9
"Median Wage",2015,"Derry City and Strabane","Weekly","Full-Time",461.6,497.5,414
"Median Wage",2015,"Derry City and Strabane","Weekly","Part-Time",155.5,164,136.5
"Median Wage",2015,"Fermanagh and Omagh","Hourly (excluding overtime)","All",9.51,9.31,9.57
"Median Wage",2015,"Fermanagh and Omagh","Hourly (excluding overtime)","Full-Time",10.7,11.47,10.29
"Median Wage",2015,"Fermanagh and Omagh","Hourly (excluding overtime)","Part-Time",7.6,8.01,6.82
"Median Wage",2015,"Fermanagh and Omagh","Weekly","All",342,292.4,387
"Median Wage",2015,"Fermanagh and Omagh","Weekly","Full-Time",440.2,438.3,441.6
"Median Wage",2015,"Fermanagh and Omagh","Weekly","Part-Time",153.3,169.3,NA
"Median Wage",2015,"Lisburn and Castlereagh","Hourly (excluding overtime)","All",9.85,9.51,10.25
"Median Wage",2015,"Lisburn and Castlereagh","Hourly (excluding overtime)","Full-Time",11.11,11.71,10.72
"Median Wage",2015,"Lisburn and Castlereagh","Hourly (excluding overtime)","Part-Time",7.76,7.87,7.46
"Median Wage",2015,"Lisburn and Castlereagh","Weekly","All",369.2,289.5,415.6
"Median Wage",2015,"Lisburn and Castlereagh","Weekly","Full-Time",460,438.8,462.4
"Median Wage",2015,"Lisburn and Castlereagh","Weekly","Part-Time",153.6,159.6,147.4
"Median Wage",2015,"Mid and East Antrim","Hourly (excluding overtime)","All",9.95,8.91,11.17
"Median Wage",2015,"Mid and East Antrim","Hourly (excluding overtime)","Full-Time",11.35,9.66,11.63
"Median Wage",2015,"Mid and East Antrim","Hourly (excluding overtime)","Part-Time",8.02,7.98,8.05
"Median Wage",2015,"Mid and East Antrim","Weekly","All",373.5,295,426.7
"Median Wage",2015,"Mid and East Antrim","Weekly","Full-Time",453,423.6,472.2
"Median Wage",2015,"Mid and East Antrim","Weekly","Part-Time",163,168.7,NA
"Median Wage",2015,"Mid Ulster","Hourly (excluding overtime)","All",9.22,8.45,9.99
"Median Wage",2015,"Mid Ulster","Hourly (excluding overtime)","Full-Time",9.97,9.37,10.26
"Median Wage",2015,"Mid Ulster","Hourly (excluding overtime)","Part-Time",7.5,7.45,7.71
"Median Wage",2015,"Mid Ulster","Weekly","All",361,285.1,408.8
"Median Wage",2015,"Mid Ulster","Weekly","Full-Time",413.6,369.3,429.2
"Median Wage",2015,"Mid Ulster","Weekly","Part-Time",153,149.7,NA
"Median Wage",2015,"Newry, Mourne and Down","Hourly (excluding overtime)","All",9.49,9.01,9.54
"Median Wage",2015,"Newry, Mourne and Down","Hourly (excluding overtime)","Full-Time",10.26,10.94,10.07
"Median Wage",2015,"Newry, Mourne and Down","Hourly (excluding overtime)","Part-Time",7.7,7.65,8.33
"Median Wage",2015,"Newry, Mourne and Down","Weekly","All",347.5,266.6,378.2
"Median Wage",2015,"Newry, Mourne and Down","Weekly","Full-Time",428.5,427.4,436.3
"Median Wage",2015,"Newry, Mourne and Down","Weekly","Part-Time",153,153,151.2
"Median Wage",2015,"Ards and North Down","Hourly (excluding overtime)","All",9.87,9.84,10.03
"Median Wage",2015,"Ards and North Down","Hourly (excluding overtime)","Full-Time",11.11,11.67,10.54
"Median Wage",2015,"Ards and North Down","Hourly (excluding overtime)","Part-Time",8.32,8.8,7.55
"Median Wage",2015,"Ards and North Down","Weekly","All",320.7,265.9,370.7
"Median Wage",2015,"Ards and North Down","Weekly","Full-Time",438.9,439.4,429.6
"Median Wage",2015,"Ards and North Down","Weekly","Part-Time",164,163,NA
"Median Wage",2016,"Northern Ireland","Hourly (excluding overtime)","All",10.72,10.23,11.23
"Median Wage",2016,"Northern Ireland","Hourly (excluding overtime)","Full-Time",12.15,12.45,12.04
"Median Wage",2016,"Northern Ireland","Hourly (excluding overtime)","Part-Time",8.23,8.43,7.83
"Median Wage",2016,"Northern Ireland","Weekly","All",393.1,323.2,453
"Median Wage",2016,"Northern Ireland","Weekly","Full-Time",493.6,472.7,503.7
"Median Wage",2016,"Northern Ireland","Weekly","Part-Time",171,177.8,155
"Median Wage",2016,"Antrim and Newtownabbey","Hourly (excluding overtime)","All",10.94,11.28,10.72
"Median Wage",2016,"Antrim and Newtownabbey","Hourly (excluding overtime)","Full-Time",12.15,13.34,11.44
"Median Wage",2016,"Antrim and Newtownabbey","Hourly (excluding overtime)","Part-Time",8.25,8.4,7.81
"Median Wage",2016,"Antrim and Newtownabbey","Weekly","All",420.1,369.3,445.2
"Median Wage",2016,"Antrim and Newtownabbey","Weekly","Full-Time",496.2,516.4,484.9
"Median Wage",2016,"Antrim and Newtownabbey","Weekly","Part-Time",172.3,181.2,NA
"Median Wage",2016,"Armagh City, Banbridge and Craigavon","Hourly (excluding overtime)","All",9.95,9.45,10.49
"Median Wage",2016,"Armagh City, Banbridge and Craigavon","Hourly (excluding overtime)","Full-Time",10.93,10.63,11.08
"Median Wage",2016,"Armagh City, Banbridge and Craigavon","Hourly (excluding overtime)","Part-Time",8.12,8.12,8.1
"Median Wage",2016,"Armagh City, Banbridge and Craigavon","Weekly","All",375,306,442.6
"Median Wage",2016,"Armagh City, Banbridge and Craigavon","Weekly","Full-Time",467.4,430.6,478.6
"Median Wage",2016,"Armagh City, Banbridge and Craigavon","Weekly","Part-Time",178.5,180.6,NA
"Median Wage",2016,"Belfast","Hourly (excluding overtime)","All",12.46,11.47,13.42
"Median Wage",2016,"Belfast","Hourly (excluding overtime)","Full-Time",13.99,13.72,14.05
"Median Wage",2016,"Belfast","Hourly (excluding overtime)","Part-Time",8.91,9,8.47
"Median Wage",2016,"Belfast","Weekly","All",450.3,376.8,517.1
"Median Wage",2016,"Belfast","Weekly","Full-Time",545.9,518.2,571.3
"Median Wage",2016,"Belfast","Weekly","Part-Time",192.6,193.6,184.7
"Median Wage",2016,"Causeway Coast and Glens","Hourly (excluding overtime)","All",9.17,9.86,8.48
"Median Wage",2016,"Causeway Coast and Glens","Hourly (excluding overtime)","Full-Time",9.63,10.53,8.7
"Median Wage",2016,"Causeway Coast and Glens","Hourly (excluding overtime)","Part-Time",8.43,8.77,7.74
"Median Wage",2016,"Causeway Coast and Glens","Weekly","All",304.4,282.6,325.7
"Median Wage",2016,"Causeway Coast and Glens","Weekly","Full-Time",384.5,393.7,372
"Median Wage",2016,"Causeway Coast and Glens","Weekly","Part-Time",178.1,201.1,153.7
"Median Wage",2016,"Derry City and Strabane","Hourly (excluding overtime)","All",10.15,10.64,9.64
"Median Wage",2016,"Derry City and Strabane","Hourly (excluding overtime)","Full-Time",11.49,13.72,10.11
"Median Wage",2016,"Derry City and Strabane","Hourly (excluding overtime)","Part-Time",8.28,8.11,8.62
"Median Wage",2016,"Derry City and Strabane","Weekly","All",352.1,314,378.4
"Median Wage",2016,"Derry City and Strabane","Weekly","Full-Time",453.3,493.8,421.8
"Median Wage",2016,"Derry City and Strabane","Weekly","Part-Time",161.8,168.1,154.1
"Median Wage",2016,"Fermanagh and Omagh","Hourly (excluding overtime)","All",9.86,9.53,10
"Median Wage",2016,"Fermanagh and Omagh","Hourly (excluding overtime)","Full-Time",11.27,11.84,10.79
"Median Wage",2016,"Fermanagh and Omagh","Hourly (excluding overtime)","Part-Time",7.97,8.28,7.43
"Median Wage",2016,"Fermanagh and Omagh","Weekly","All",338,289.4,401.5
"Median Wage",2016,"Fermanagh and Omagh","Weekly","Full-Time",449.2,453.7,444.2
"Median Wage",2016,"Fermanagh and Omagh","Weekly","Part-Time",157.7,159,NA
"Median Wage",2016,"Lisburn and Castlereagh","Hourly (excluding overtime)","All",10.17,9.72,10.65
"Median Wage",2016,"Lisburn and Castlereagh","Hourly (excluding overtime)","Full-Time",11.7,12.2,11.17
"Median Wage",2016,"Lisburn and Castlereagh","Hourly (excluding overtime)","Part-Time",8.03,8.36,7.32
"Median Wage",2016,"Lisburn and Castlereagh","Weekly","All",369.3,300,428
"Median Wage",2016,"Lisburn and Castlereagh","Weekly","Full-Time",491.2,479.2,497.5
"Median Wage",2016,"Lisburn and Castlereagh","Weekly","Part-Time",160.7,167.6,135.5
"Median Wage",2016,"Mid and East Antrim","Hourly (excluding overtime)","All",10.42,9.17,11.41
"Median Wage",2016,"Mid and East Antrim","Hourly (excluding overtime)","Full-Time",11.75,10.48,12.1
"Median Wage",2016,"Mid and East Antrim","Hourly (excluding overtime)","Part-Time",7.72,7.77,7.52
"Median Wage",2016,"Mid and East Antrim","Weekly","All",374.9,297.6,444.8
"Median Wage",2016,"Mid and East Antrim","Weekly","Full-Time",465,422.7,494.9
"Median Wage",2016,"Mid and East Antrim","Weekly","Part-Time",166.6,169,NA
"Median Wage",2016,"Mid Ulster","Hourly (excluding overtime)","All",9.44,8.98,9.86
"Median Wage",2016,"Mid Ulster","Hourly (excluding overtime)","Full-Time",10.19,9.78,10.33
"Median Wage",2016,"Mid Ulster","Hourly (excluding overtime)","Part-Time",7.7,7.71,7.52
"Median Wage",2016,"Mid Ulster","Weekly","All",378,289.5,423.4
"Median Wage",2016,"Mid Ulster","Weekly","Full-Time",443.8,381,456
"Median Wage",2016,"Mid Ulster","Weekly","Part-Time",154,158,144.1
"Median Wage",2016,"Newry, Mourne and Down","Hourly (excluding overtime)","All",9.66,9.25,10.01
"Median Wage",2016,"Newry, Mourne and Down","Hourly (excluding overtime)","Full-Time",10.48,10.69,10.31
"Median Wage",2016,"Newry, Mourne and Down","Hourly (excluding overtime)","Part-Time",8.11,8.2,7.47
"Median Wage",2016,"Newry, Mourne and Down","Weekly","All",358.3,297.8,419
"Median Wage",2016,"Newry, Mourne and Down","Weekly","Full-Time",446.3,408.6,467.1
"Median Wage",2016,"Newry, Mourne and Down","Weekly","Part-Time",160.8,169.8,150.6
"Median Wage",2016,"Ards and North Down","Hourly (excluding overtime)","All",9.58,9.86,9.17
"Median Wage",2016,"Ards and North Down","Hourly (excluding overtime)","Full-Time",11.13,11.27,11
"Median Wage",2016,"Ards and North Down","Hourly (excluding overtime)","Part-Time",8.05,8.28,7.2
"Median Wage",2016,"Ards and North Down","Weekly","All",311.8,272.3,371.7
"Median Wage",2016,"Ards and North Down","Weekly","Full-Time",456.3,421.7,475.5
"Median Wage",2016,"Ards and North Down","Weekly","Part-Time",158.7,164.3,NA
"Median Wage",2017,"Northern Ireland","Hourly (excluding overtime)","All",11,10.45,11.43
"Median Wage",2017,"Northern Ireland","Hourly (excluding overtime)","Full-Time",12.31,12.52,12.22
"Median Wage",2017,"Northern Ireland","Hourly (excluding overtime)","Part-Time",8.65,8.94,8.03
"Median Wage",2017,"Northern Ireland","Weekly","All",407.4,334.1,464.3
"Median Wage",2017,"Northern Ireland","Weekly","Full-Time",500,480,514.2
"Median Wage",2017,"Northern Ireland","Weekly","Part-Time",175.5,181.5,157
"Median Wage",2017,"Antrim and Newtownabbey","Hourly (excluding overtime)","All",11.72,11.84,11.55
"Median Wage",2017,"Antrim and Newtownabbey","Hourly (excluding overtime)","Full-Time",12.37,13.31,11.97
"Median Wage",2017,"Antrim and Newtownabbey","Hourly (excluding overtime)","Part-Time",8.64,9.48,7.5
"Median Wage",2017,"Antrim and Newtownabbey","Weekly","All",431.9,388.7,459.9
"Median Wage",2017,"Antrim and Newtownabbey","Weekly","Full-Time",508.7,502.9,511.4
"Median Wage",2017,"Antrim and Newtownabbey","Weekly","Part-Time",176.9,183.8,136.4
"Median Wage",2017,"Armagh City, Banbridge and Craigavon","Hourly (excluding overtime)","All",10.42,9.96,10.99
"Median Wage",2017,"Armagh City, Banbridge and Craigavon","Hourly (excluding overtime)","Full-Time",11.49,12.16,11.38
"Median Wage",2017,"Armagh City, Banbridge and Craigavon","Hourly (excluding overtime)","Part-Time",8.68,8.7,8
"Median Wage",2017,"Armagh City, Banbridge and Craigavon","Weekly","All",393.8,324.6,449.3
"Median Wage",2017,"Armagh City, Banbridge and Craigavon","Weekly","Full-Time",482.7,465.8,486.2
"Median Wage",2017,"Armagh City, Banbridge and Craigavon","Weekly","Part-Time",184.2,191.6,NA
"Median Wage",2017,"Belfast","Hourly (excluding overtime)","All",12.5,11.42,13.49
"Median Wage",2017,"Belfast","Hourly (excluding overtime)","Full-Time",14.18,13.67,14.53
"Median Wage",2017,"Belfast","Hourly (excluding overtime)","Part-Time",9.19,9.45,8.41
"Median Wage",2017,"Belfast","Weekly","All",460.5,375.3,531.3
"Median Wage",2017,"Belfast","Weekly","Full-Time",548.3,508.2,575
"Median Wage",2017,"Belfast","Weekly","Part-Time",188.8,189.7,180.4
"Median Wage",2017,"Causeway Coast and Glens","Hourly (excluding overtime)","All",9.01,9,9.01
"Median Wage",2017,"Causeway Coast and Glens","Hourly (excluding overtime)","Full-Time",9.5,10.44,9.05
"Median Wage",2017,"Causeway Coast and Glens","Hourly (excluding overtime)","Part-Time",8.42,8.39,8.31
"Median Wage",2017,"Causeway Coast and Glens","Weekly","All",317.4,281.1,350.6
"Median Wage",2017,"Causeway Coast and Glens","Weekly","Full-Time",384.2,386.2,376.5
"Median Wage",2017,"Causeway Coast and Glens","Weekly","Part-Time",166.3,172,NA
"Median Wage",2017,"Derry City and Strabane","Hourly (excluding overtime)","All",11.01,11.4,9.98
"Median Wage",2017,"Derry City and Strabane","Hourly (excluding overtime)","Full-Time",12.15,13.51,10.69
"Median Wage",2017,"Derry City and Strabane","Hourly (excluding overtime)","Part-Time",8.97,8.78,9
"Median Wage",2017,"Derry City and Strabane","Weekly","All",373.6,325.9,388
"Median Wage",2017,"Derry City and Strabane","Weekly","Full-Time",475.4,498.4,454
"Median Wage",2017,"Derry City and Strabane","Weekly","Part-Time",173.5,169.1,178.4
"Median Wage",2017,"Fermanagh and Omagh","Hourly (excluding overtime)","All",10,9.57,10.44
"Median Wage",2017,"Fermanagh and Omagh","Hourly (excluding overtime)","Full-Time",10.81,11.51,10.7
"Median Wage",2017,"Fermanagh and Omagh","Hourly (excluding overtime)","Part-Time",8.79,9.02,7.66
"Median Wage",2017,"Fermanagh and Omagh","Weekly","All",367.2,307.8,438.1
"Median Wage",2017,"Fermanagh and Omagh","Weekly","Full-Time",482.9,425.9,518
"Median Wage",2017,"Fermanagh and Omagh","Weekly","Part-Time",180.3,182.7,NA
"Median Wage",2017,"Lisburn and Castlereagh","Hourly (excluding overtime)","All",10.59,10.52,10.75
"Median Wage",2017,"Lisburn and Castlereagh","Hourly (excluding overtime)","Full-Time",12.01,12.92,11.5
"Median Wage",2017,"Lisburn and Castlereagh","Hourly (excluding overtime)","Part-Time",8.45,8.9,7.63
"Median Wage",2017,"Lisburn and Castlereagh","Weekly","All",395.8,324.7,435.7
"Median Wage",2017,"Lisburn and Castlereagh","Weekly","Full-Time",487.5,467.1,494.3
"Median Wage",2017,"Lisburn and Castlereagh","Weekly","Part-Time",179.5,181.7,NA
"Median Wage",2017,"Mid and East Antrim","Hourly (excluding overtime)","All",10.88,9.94,11.5
"Median Wage",2017,"Mid and East Antrim","Hourly (excluding overtime)","Full-Time",11.83,11.26,12.25
"Median Wage",2017,"Mid and East Antrim","Hourly (excluding overtime)","Part-Time",8.83,9,7.69
"Median Wage",2017,"Mid and East Antrim","Weekly","All",377.3,307.3,468.7
"Median Wage",2017,"Mid and East Antrim","Weekly","Full-Time",484.2,429.3,519.8
"Median Wage",2017,"Mid and East Antrim","Weekly","Part-Time",188.9,188.5,179.8
"Median Wage",2017,"Mid Ulster","Hourly (excluding overtime)","All",9.8,8.97,10.02
"Median Wage",2017,"Mid Ulster","Hourly (excluding overtime)","Full-Time",10.64,10.81,10.58
"Median Wage",2017,"Mid Ulster","Hourly (excluding overtime)","Part-Time",7.84,8.03,7.61
"Median Wage",2017,"Mid Ulster","Weekly","All",391.7,317.4,432.9
"Median Wage",2017,"Mid Ulster","Weekly","Full-Time",447.1,421.4,460
"Median Wage",2017,"Mid Ulster","Weekly","Part-Time",156.8,176.3,131.5
"Median Wage",2017,"Newry, Mourne and Down","Hourly (excluding overtime)","All",10,9.48,10.42
"Median Wage",2017,"Newry, Mourne and Down","Hourly (excluding overtime)","Full-Time",10.69,10.32,10.98
"Median Wage",2017,"Newry, Mourne and Down","Hourly (excluding overtime)","Part-Time",8.32,8.72,8.07
"Median Wage",2017,"Newry, Mourne and Down","Weekly","All",368,299.6,427.1
"Median Wage",2017,"Newry, Mourne and Down","Weekly","Full-Time",460.8,384.6,480
"Median Wage",2017,"Newry, Mourne and Down","Weekly","Part-Time",157.4,162.8,NA
"Median Wage",2017,"Ards and North Down","Hourly (excluding overtime)","All",9.99,10.54,9.7
"Median Wage",2017,"Ards and North Down","Hourly (excluding overtime)","Full-Time",11.12,12,10.19
"Median Wage",2017,"Ards and North Down","Hourly (excluding overtime)","Part-Time",8.31,8.42,8.1
"Median Wage",2017,"Ards and North Down","Weekly","All",327.8,289.7,381.7
"Median Wage",2017,"Ards and North Down","Weekly","Full-Time",446.6,479.1,434
"Median Wage",2017,"Ards and North Down","Weekly","Part-Time",163.9,163.2,161.5
"Median Wage",2018,"Northern Ireland","Hourly (excluding overtime)","All",11.29,10.66,11.87
"Median Wage",2018,"Northern Ireland","Hourly (excluding overtime)","Full-Time",12.56,12.74,12.5
"Median Wage",2018,"Northern Ireland","Hourly (excluding overtime)","Part-Time",8.83,9,8.35
"Median Wage",2018,"Northern Ireland","Weekly","All",420.2,350.5,478.6
"Median Wage",2018,"Northern Ireland","Weekly","Full-Time",517.8,498.3,532.7
"Median Wage",2018,"Northern Ireland","Weekly","Part-Time",186.3,191.1,165.1
"Median Wage",2018,"Antrim and Newtownabbey","Hourly (excluding overtime)","All",11.76,11.27,11.94
"Median Wage",2018,"Antrim and Newtownabbey","Hourly (excluding overtime)","Full-Time",12.45,12.74,12.32
"Median Wage",2018,"Antrim and Newtownabbey","Hourly (excluding overtime)","Part-Time",8.85,9.13,8.28
"Median Wage",2018,"Antrim and Newtownabbey","Weekly","All",450.9,379.3,497.9
"Median Wage",2018,"Antrim and Newtownabbey","Weekly","Full-Time",517.9,498.3,525.1
"Median Wage",2018,"Antrim and Newtownabbey","Weekly","Part-Time",183.7,178.7,201.4
"Median Wage",2018,"Armagh City, Banbridge and Craigavon","Hourly (excluding overtime)","All",10.71,10.29,11.44
"Median Wage",2018,"Armagh City, Banbridge and Craigavon","Hourly (excluding overtime)","Full-Time",12.07,11.49,12.1
"Median Wage",2018,"Armagh City, Banbridge and Craigavon","Hourly (excluding overtime)","Part-Time",8.81,8.94,8.09
"Median Wage",2018,"Armagh City, Banbridge and Craigavon","Weekly","All",420,346.4,468.2
"Median Wage",2018,"Armagh City, Banbridge and Craigavon","Weekly","Full-Time",503.5,466.9,512.8
"Median Wage",2018,"Armagh City, Banbridge and Craigavon","Weekly","Part-Time",204.4,212.7,139.3
"Median Wage",2018,"Belfast","Hourly (excluding overtime)","All",12.89,11.74,14.18
"Median Wage",2018,"Belfast","Hourly (excluding overtime)","Full-Time",14.47,13.9,15.01
"Median Wage",2018,"Belfast","Hourly (excluding overtime)","Part-Time",9.21,9.5,8.68
"Median Wage",2018,"Belfast","Weekly","All",463.6,393.9,531.2
"Median Wage",2018,"Belfast","Weekly","Full-Time",565.3,528.9,588.7
"Median Wage",2018,"Belfast","Weekly","Part-Time",190.5,203.2,165.1
"Median Wage",2018,"Causeway Coast and Glens","Hourly (excluding overtime)","All",9.58,9.45,9.59
"Median Wage",2018,"Causeway Coast and Glens","Hourly (excluding overtime)","Full-Time",10.29,10.86,10
"Median Wage",2018,"Causeway Coast and Glens","Hourly (excluding overtime)","Part-Time",8.21,8.12,8.88
"Median Wage",2018,"Causeway Coast and Glens","Weekly","All",364.5,322.6,387.2
"Median Wage",2018,"Causeway Coast and Glens","Weekly","Full-Time",430.1,433,426.3
"Median Wage",2018,"Causeway Coast and Glens","Weekly","Part-Time",183.8,182.6,NA
"Median Wage",2018,"Derry City and Strabane","Hourly (excluding overtime)","All",10.54,10.92,10
"Median Wage",2018,"Derry City and Strabane","Hourly (excluding overtime)","Full-Time",11.75,13.66,10.57
"Median Wage",2018,"Derry City and Strabane","Hourly (excluding overtime)","Part-Time",8.34,8.51,7.94
"Median Wage",2018,"Derry City and Strabane","Weekly","All",377.8,352.1,392.3
"Median Wage",2018,"Derry City and Strabane","Weekly","Full-Time",483.2,513.1,459.4
"Median Wage",2018,"Derry City and Strabane","Weekly","Part-Time",180,177.5,180.1
"Median Wage",2018,"Fermanagh and Omagh","Hourly (excluding overtime)","All",10.13,9.61,10.67
"Median Wage",2018,"Fermanagh and Omagh","Hourly (excluding overtime)","Full-Time",11.18,11.1,11.14
"Median Wage",2018,"Fermanagh and Omagh","Hourly (excluding overtime)","Part-Time",8.98,9.1,8.05
"Median Wage",2018,"Fermanagh and Omagh","Weekly","All",346.9,297.2,434.3
"Median Wage",2018,"Fermanagh and Omagh","Weekly","Full-Time",488.6,406.1,528.6
"Median Wage",2018,"Fermanagh and Omagh","Weekly","Part-Time",193.4,205.6,NA
"Median Wage",2018,"Lisburn and Castlereagh","Hourly (excluding overtime)","All",11.5,11.48,11.51
"Median Wage",2018,"Lisburn and Castlereagh","Hourly (excluding overtime)","Full-Time",12.81,14.07,12
"Median Wage",2018,"Lisburn and Castlereagh","Hourly (excluding overtime)","Part-Time",8.83,8.91,NA
"Median Wage",2018,"Lisburn and Castlereagh","Weekly","All",430.4,376.7,472.5
"Median Wage",2018,"Lisburn and Castlereagh","Weekly","Full-Time",539.6,538.1,538.3
"Median Wage",2018,"Lisburn and Castlereagh","Weekly","Part-Time",188.2,184.9,196.6
"Median Wage",2018,"Mid and East Antrim","Hourly (excluding overtime)","All",10.86,10,11.65
"Median Wage",2018,"Mid and East Antrim","Hourly (excluding overtime)","Full-Time",12.19,11.65,12.37
"Median Wage",2018,"Mid and East Antrim","Hourly (excluding overtime)","Part-Time",8.79,8.97,8.01
"Median Wage",2018,"Mid and East Antrim","Weekly","All",397,316,457.9
"Median Wage",2018,"Mid and East Antrim","Weekly","Full-Time",495.8,463.1,517.5
"Median Wage",2018,"Mid and East Antrim","Weekly","Part-Time",182.3,182,NA
"Median Wage",2018,"Mid Ulster","Hourly (excluding overtime)","All",9.75,9.07,10.05
"Median Wage",2018,"Mid Ulster","Hourly (excluding overtime)","Full-Time",10.5,10.05,10.57
"Median Wage",2018,"Mid Ulster","Hourly (excluding overtime)","Part-Time",8.19,8.21,7.84
"Median Wage",2018,"Mid Ulster","Weekly","All",384.2,300.8,454.5
"Median Wage",2018,"Mid Ulster","Weekly","Full-Time",462.2,421.1,481.4
"Median Wage",2018,"Mid Ulster","Weekly","Part-Time",165.7,182.6,142.5
"Median Wage",2018,"Newry, Mourne and Down","Hourly (excluding overtime)","All",10.32,10,10.56
"Median Wage",2018,"Newry, Mourne and Down","Hourly (excluding overtime)","Full-Time",10.99,11.21,10.97
"Median Wage",2018,"Newry, Mourne and Down","Hourly (excluding overtime)","Part-Time",8.8,9.24,8.02
"Median Wage",2018,"Newry, Mourne and Down","Weekly","All",384,325.6,440.1
"Median Wage",2018,"Newry, Mourne and Down","Weekly","Full-Time",478.2,452.6,479.6
"Median Wage",2018,"Newry, Mourne and Down","Weekly","Part-Time",172.3,184.1,150.2
"Median Wage",2018,"Ards and North Down","Hourly (excluding overtime)","All",10.03,9.46,10.67
"Median Wage",2018,"Ards and North Down","Hourly (excluding overtime)","Full-Time",11.54,11.98,11.01
"Median Wage",2018,"Ards and North Down","Hourly (excluding overtime)","Part-Time",8.53,8.49,8.48
"Median Wage",2018,"Ards and North Down","Weekly","All",331.9,288.7,387.4
"Median Wage",2018,"Ards and North Down","Weekly","Full-Time",458.2,468.2,451.4
"Median Wage",2018,"Ards and North Down","Weekly","Part-Time",156.3,158.3,NA
"Median Wage",2019,"Northern Ireland","Hourly (excluding overtime)","All",11.72,11.05,12.3
"Median Wage",2019,"Northern Ireland","Hourly (excluding overtime)","Full-Time",12.88,13.13,12.76
"Median Wage",2019,"Northern Ireland","Hourly (excluding overtime)","Part-Time",9.55,9.58,9.47
"Median Wage",2019,"Northern Ireland","Weekly","All",428.6,362.1,495.5
"Median Wage",2019,"Northern Ireland","Weekly","Full-Time",534.5,508.3,548.7
"Median Wage",2019,"Northern Ireland","Weekly","Part-Time",194.7,197.6,181.7
"Median Wage",2019,"Antrim and Newtownabbey","Hourly (excluding overtime)","All",11.83,11.82,11.91
"Median Wage",2019,"Antrim and Newtownabbey","Hourly (excluding overtime)","Full-Time",13.12,15.07,12.37
"Median Wage",2019,"Antrim and Newtownabbey","Hourly (excluding overtime)","Part-Time",9.42,9.49,9.06
"Median Wage",2019,"Antrim and Newtownabbey","Weekly","All",452.8,392.2,475.6
"Median Wage",2019,"Antrim and Newtownabbey","Weekly","Full-Time",542.3,588.7,505.2
"Median Wage",2019,"Antrim and Newtownabbey","Weekly","Part-Time",183.6,184.9,NA
"Median Wage",2019,"Armagh City, Banbridge and Craigavon","Hourly (excluding overtime)","All",11.36,10.47,11.89
"Median Wage",2019,"Armagh City, Banbridge and Craigavon","Hourly (excluding overtime)","Full-Time",12.53,12.8,12.28
"Median Wage",2019,"Armagh City, Banbridge and Craigavon","Hourly (excluding overtime)","Part-Time",9.44,9.5,8.76
"Median Wage",2019,"Armagh City, Banbridge and Craigavon","Weekly","All",420.6,356.1,490.1
"Median Wage",2019,"Armagh City, Banbridge and Craigavon","Weekly","Full-Time",524.2,490.6,546.9
"Median Wage",2019,"Armagh City, Banbridge and Craigavon","Weekly","Part-Time",200.4,204.5,NA
"Median Wage",2019,"Belfast","Hourly (excluding overtime)","All",13.21,12.29,14.33
"Median Wage",2019,"Belfast","Hourly (excluding overtime)","Full-Time",14.49,14.02,15.17
"Median Wage",2019,"Belfast","Hourly (excluding overtime)","Part-Time",10,10,9.94
"Median Wage",2019,"Belfast","Weekly","All",476.5,399.9,548.8
"Median Wage",2019,"Belfast","Weekly","Full-Time",575.5,536.6,600.9
"Median Wage",2019,"Belfast","Weekly","Part-Time",219.2,223.6,202.3
"Median Wage",2019,"Causeway Coast and Glens","Hourly (excluding overtime)","All",10.3,10.34,10.18
"Median Wage",2019,"Causeway Coast and Glens","Hourly (excluding overtime)","Full-Time",10.86,11.83,10.47
"Median Wage",2019,"Causeway Coast and Glens","Hourly (excluding overtime)","Part-Time",9.5,9.53,9.25
"Median Wage",2019,"Causeway Coast and Glens","Weekly","All",373.7,341.5,403.7
"Median Wage",2019,"Causeway Coast and Glens","Weekly","Full-Time",447.9,482,442.5
"Median Wage",2019,"Causeway Coast and Glens","Weekly","Part-Time",183.5,205.5,NA
"Median Wage",2019,"Derry City and Strabane","Hourly (excluding overtime)","All",11.5,11.42,11.55
"Median Wage",2019,"Derry City and Strabane","Hourly (excluding overtime)","Full-Time",12.15,13.13,11.85
"Median Wage",2019,"Derry City and Strabane","Hourly (excluding overtime)","Part-Time",9.67,9.14,10.52
"Median Wage",2019,"Derry City and Strabane","Weekly","All",380.7,329,416.1
"Median Wage",2019,"Derry City and Strabane","Weekly","Full-Time",488.8,523.3,475
"Median Wage",2019,"Derry City and Strabane","Weekly","Part-Time",187.2,178,211.3
"Median Wage",2019,"Fermanagh and Omagh","Hourly (excluding overtime)","All",11.32,11.2,11.44
"Median Wage",2019,"Fermanagh and Omagh","Hourly (excluding overtime)","Full-Time",12.5,13.15,12.24
"Median Wage",2019,"Fermanagh and Omagh","Hourly (excluding overtime)","Part-Time",9.99,10.21,8.98
"Median Wage",2019,"Fermanagh and Omagh","Weekly","All",401.2,348.7,463
"Median Wage",2019,"Fermanagh and Omagh","Weekly","Full-Time",532.4,496.3,540.6
"Median Wage",2019,"Fermanagh and Omagh","Weekly","Part-Time",216.4,241.9,NA
"Median Wage",2019,"Lisburn and Castlereagh","Hourly (excluding overtime)","All",11.74,11.69,11.79
"Median Wage",2019,"Lisburn and Castlereagh","Hourly (excluding overtime)","Full-Time",13.33,14.16,12.63
"Median Wage",2019,"Lisburn and Castlereagh","Hourly (excluding overtime)","Part-Time",9.63,9.85,8.74
"Median Wage",2019,"Lisburn and Castlereagh","Weekly","All",430.9,367.3,498.3
"Median Wage",2019,"Lisburn and Castlereagh","Weekly","Full-Time",533.3,549.5,533
"Median Wage",2019,"Lisburn and Castlereagh","Weekly","Part-Time",204.4,207.4,194.6
"Median Wage",2019,"Mid and East Antrim","Hourly (excluding overtime)","All",11.15,10.1,11.99
"Median Wage",2019,"Mid and East Antrim","Hourly (excluding overtime)","Full-Time",12.3,11.78,12.32
"Median Wage",2019,"Mid and East Antrim","Hourly (excluding overtime)","Part-Time",9.3,9.28,9.1
"Median Wage",2019,"Mid and East Antrim","Weekly","All",402.5,332.3,464.2
"Median Wage",2019,"Mid and East Antrim","Weekly","Full-Time",497,445,519.1
"Median Wage",2019,"Mid and East Antrim","Weekly","Part-Time",193.3,199.9,NA
"Median Wage",2019,"Mid Ulster","Hourly (excluding overtime)","All",10.42,9.5,11.54
"Median Wage",2019,"Mid Ulster","Hourly (excluding overtime)","Full-Time",11.22,9.8,11.8
"Median Wage",2019,"Mid Ulster","Hourly (excluding overtime)","Part-Time",9,8.97,9
"Median Wage",2019,"Mid Ulster","Weekly","All",407.9,316.8,479.7
"Median Wage",2019,"Mid Ulster","Weekly","Full-Time",479.2,390.6,516.5
"Median Wage",2019,"Mid Ulster","Weekly","Part-Time",148.7,148.1,155.5
"Median Wage",2019,"Newry, Mourne and Down","Hourly (excluding overtime)","All",10.75,10.21,11.33
"Median Wage",2019,"Newry, Mourne and Down","Hourly (excluding overtime)","Full-Time",11.99,12.06,11.97
"Median Wage",2019,"Newry, Mourne and Down","Hourly (excluding overtime)","Part-Time",9.52,9.58,8.54
"Median Wage",2019,"Newry, Mourne and Down","Weekly","All",403.7,350.7,476.5
"Median Wage",2019,"Newry, Mourne and Down","Weekly","Full-Time",512.4,486.6,523.2
"Median Wage",2019,"Newry, Mourne and Down","Weekly","Part-Time",177.3,185.3,NA
"Median Wage",2019,"Ards and North Down","Hourly (excluding overtime)","All",10.07,10,10.68
"Median Wage",2019,"Ards and North Down","Hourly (excluding overtime)","Full-Time",11.29,11.28,11.3
"Median Wage",2019,"Ards and North Down","Hourly (excluding overtime)","Part-Time",9,8.98,9.11
"Median Wage",2019,"Ards and North Down","Weekly","All",347.5,316.6,390.7
"Median Wage",2019,"Ards and North Down","Weekly","Full-Time",447.2,437.4,457.6
"Median Wage",2019,"Ards and North Down","Weekly","Part-Time",179.2,178.8,NA
"Median Wage",2020,"Northern Ireland","Hourly (excluding overtime)","All",11.96,11.51,12.23
"Median Wage",2020,"Northern Ireland","Hourly (excluding overtime)","Full-Time",13.02,13.73,12.77
"Median Wage",2020,"Northern Ireland","Hourly (excluding overtime)","Part-Time",9.75,9.82,9.46
"Median Wage",2020,"Northern Ireland","Weekly","All",432,376.6,478
"Median Wage",2020,"Northern Ireland","Weekly","Full-Time",528.7,524.8,530.9
"Median Wage",2020,"Northern Ireland","Weekly","Part-Time",197.8,203.6,182.3
"Median Wage",2020,"Antrim and Newtownabbey","Hourly (excluding overtime)","All",11.82,12.65,11.22
"Median Wage",2020,"Antrim and Newtownabbey","Hourly (excluding overtime)","Full-Time",13.05,15.85,11.71
"Median Wage",2020,"Antrim and Newtownabbey","Hourly (excluding overtime)","Part-Time",9.57,9.66,8.87
"Median Wage",2020,"Antrim and Newtownabbey","Weekly","All",421.6,402.1,436
"Median Wage",2020,"Antrim and Newtownabbey","Weekly","Full-Time",530.4,592.5,480.8
"Median Wage",2020,"Antrim and Newtownabbey","Weekly","Part-Time",180.4,199.6,NA
"Median Wage",2020,"Armagh City, Banbridge and Craigavon","Hourly (excluding overtime)","All",11.36,11.09,11.59
"Median Wage",2020,"Armagh City, Banbridge and Craigavon","Hourly (excluding overtime)","Full-Time",12.35,13.02,11.97
"Median Wage",2020,"Armagh City, Banbridge and Craigavon","Hourly (excluding overtime)","Part-Time",9.84,9.88,9.38
"Median Wage",2020,"Armagh City, Banbridge and Craigavon","Weekly","All",423.4,373.8,462
"Median Wage",2020,"Armagh City, Banbridge and Craigavon","Weekly","Full-Time",508.1,524.1,494.2
"Median Wage",2020,"Armagh City, Banbridge and Craigavon","Weekly","Part-Time",214,233.3,182
"Median Wage",2020,"Belfast","Hourly (excluding overtime)","All",13.53,12.73,14.41
"Median Wage",2020,"Belfast","Hourly (excluding overtime)","Full-Time",14.98,14.65,15.15
"Median Wage",2020,"Belfast","Hourly (excluding overtime)","Part-Time",10.01,10.09,9.86
"Median Wage",2020,"Belfast","Weekly","All",489.5,422.4,562.7
"Median Wage",2020,"Belfast","Weekly","Full-Time",585,569.1,596
"Median Wage",2020,"Belfast","Weekly","Part-Time",210.2,214.1,199
"Median Wage",2020,"Causeway Coast and Glens","Hourly (excluding overtime)","All",10.5,10.79,10.49
"Median Wage",2020,"Causeway Coast and Glens","Hourly (excluding overtime)","Full-Time",11.48,12.27,10.7
"Median Wage",2020,"Causeway Coast and Glens","Hourly (excluding overtime)","Part-Time",9.74,9.79,9.55
"Median Wage",2020,"Causeway Coast and Glens","Weekly","All",380.5,343.2,404.9
"Median Wage",2020,"Causeway Coast and Glens","Weekly","Full-Time",450.6,460.1,427.1
"Median Wage",2020,"Causeway Coast and Glens","Weekly","Part-Time",207.6,212,NA
"Median Wage",2020,"Derry City and Strabane","Hourly (excluding overtime)","All",11.89,11.83,11.95
"Median Wage",2020,"Derry City and Strabane","Hourly (excluding overtime)","Full-Time",13.07,14.33,12.78
"Median Wage",2020,"Derry City and Strabane","Hourly (excluding overtime)","Part-Time",9.82,9.54,10.26
"Median Wage",2020,"Derry City and Strabane","Weekly","All",388.7,324.6,442.7
"Median Wage",2020,"Derry City and Strabane","Weekly","Full-Time",528.8,529.1,519
"Median Wage",2020,"Derry City and Strabane","Weekly","Part-Time",190.8,178,217.5
"Median Wage",2020,"Fermanagh and Omagh","Hourly (excluding overtime)","All",11.21,11.03,11.38
"Median Wage",2020,"Fermanagh and Omagh","Hourly (excluding overtime)","Full-Time",12.09,12.53,11.79
"Median Wage",2020,"Fermanagh and Omagh","Hourly (excluding overtime)","Part-Time",10.03,10.05,9.93
"Median Wage",2020,"Fermanagh and Omagh","Weekly","All",380.4,331.9,433.1
"Median Wage",2020,"Fermanagh and Omagh","Weekly","Full-Time",505,474.4,520.1
"Median Wage",2020,"Fermanagh and Omagh","Weekly","Part-Time",226.1,250.3,NA
"Median Wage",2020,"Lisburn and Castlereagh","Hourly (excluding overtime)","All",11.19,11.38,11.19
"Median Wage",2020,"Lisburn and Castlereagh","Hourly (excluding overtime)","Full-Time",12.37,13.79,11.64
"Median Wage",2020,"Lisburn and Castlereagh","Hourly (excluding overtime)","Part-Time",9.62,9.62,9.83
"Median Wage",2020,"Lisburn and Castlereagh","Weekly","All",406.8,349.8,438.3
"Median Wage",2020,"Lisburn and Castlereagh","Weekly","Full-Time",496.6,534.4,471.5
"Median Wage",2020,"Lisburn and Castlereagh","Weekly","Part-Time",184,184.4,NA
"Median Wage",2020,"Mid and East Antrim","Hourly (excluding overtime)","All",10.81,10.31,11.5
"Median Wage",2020,"Mid and East Antrim","Hourly (excluding overtime)","Full-Time",11.5,11.22,11.59
"Median Wage",2020,"Mid and East Antrim","Hourly (excluding overtime)","Part-Time",9.38,9.62,NA
"Median Wage",2020,"Mid and East Antrim","Weekly","All",399.6,337,456.8
"Median Wage",2020,"Mid and East Antrim","Weekly","Full-Time",463,415.7,481
"Median Wage",2020,"Mid and East Antrim","Weekly","Part-Time",173.7,197.2,NA
"Median Wage",2020,"Mid Ulster","Hourly (excluding overtime)","All",10.22,10,10.54
"Median Wage",2020,"Mid Ulster","Hourly (excluding overtime)","Full-Time",11,10.85,11.02
"Median Wage",2020,"Mid Ulster","Hourly (excluding overtime)","Part-Time",9,9.2,8.88
"Median Wage",2020,"Mid Ulster","Weekly","All",385.5,308.6,408.5
"Median Wage",2020,"Mid Ulster","Weekly","Full-Time",449.8,441,461.9
"Median Wage",2020,"Mid Ulster","Weekly","Part-Time",165.1,163.1,164
"Median Wage",2020,"Newry, Mourne and Down","Hourly (excluding overtime)","All",11.17,10.81,11.31
"Median Wage",2020,"Newry, Mourne and Down","Hourly (excluding overtime)","Full-Time",11.8,11.93,11.64
"Median Wage",2020,"Newry, Mourne and Down","Hourly (excluding overtime)","Part-Time",10.09,10.15,9.21
"Median Wage",2020,"Newry, Mourne and Down","Weekly","All",420.7,364.1,470.2
"Median Wage",2020,"Newry, Mourne and Down","Weekly","Full-Time",496.8,484.7,504.9
"Median Wage",2020,"Newry, Mourne and Down","Weekly","Part-Time",201.5,215.8,162.5
"Median Wage",2020,"Ards and North Down","Hourly (excluding overtime)","All",10.5,10.41,10.91
"Median Wage",2020,"Ards and North Down","Hourly (excluding overtime)","Full-Time",12,11.93,12
"Median Wage",2020,"Ards and North Down","Hourly (excluding overtime)","Part-Time",9.43,9.44,9.05
"Median Wage",2020,"Ards and North Down","Weekly","All",359,318,419.2
"Median Wage",2020,"Ards and North Down","Weekly","Full-Time",479.6,477.4,481.7
"Median Wage",2020,"Ards and North Down","Weekly","Part-Time",185.7,182.5,194
"Median Wage",2021,"Northern Ireland","Hourly (excluding overtime)","All",12.79,12.47,13.08
"Median Wage",2021,"Northern Ireland","Hourly (excluding overtime)","Full-Time",14.26,14.76,14
"Median Wage",2021,"Northern Ireland","Hourly (excluding overtime)","Part-Time",10.01,10.22,9.83
"Median Wage",2021,"Northern Ireland","Weekly","All",470,409.5,528.5
"Median Wage",2021,"Northern Ireland","Weekly","Full-Time",574.9,558.2,582.9
"Median Wage",2021,"Northern Ireland","Weekly","Part-Time",205.3,213.8,177.3
"Median Wage",2021,"Antrim and Newtownabbey","Hourly (excluding overtime)","All",12.35,12.32,12.47
"Median Wage",2021,"Antrim and Newtownabbey","Hourly (excluding overtime)","Full-Time",13.26,15.48,12.99
"Median Wage",2021,"Antrim and Newtownabbey","Hourly (excluding overtime)","Part-Time",9.69,9.91,9.05
"Median Wage",2021,"Antrim and Newtownabbey","Weekly","All",465.8,405.2,514.9
"Median Wage",2021,"Antrim and Newtownabbey","Weekly","Full-Time",555.1,577.3,547.4
"Median Wage",2021,"Antrim and Newtownabbey","Weekly","Part-Time",186.3,202.8,NA
"Median Wage",2021,"Armagh City, Banbridge and Craigavon","Hourly (excluding overtime)","All",12.5,12.35,12.7
"Median Wage",2021,"Armagh City, Banbridge and Craigavon","Hourly (excluding overtime)","Full-Time",14.11,14.83,13.61
"Median Wage",2021,"Armagh City, Banbridge and Craigavon","Hourly (excluding overtime)","Part-Time",10.01,10.37,9.02
"Median Wage",2021,"Armagh City, Banbridge and Craigavon","Weekly","All",450.4,404.6,492.6
"Median Wage",2021,"Armagh City, Banbridge and Craigavon","Weekly","Full-Time",562.8,562.8,561.4
"Median Wage",2021,"Armagh City, Banbridge and Craigavon","Weekly","Part-Time",212,230.7,NA
"Median Wage",2021,"Belfast","Hourly (excluding overtime)","All",14.74,14.21,15.36
"Median Wage",2021,"Belfast","Hourly (excluding overtime)","Full-Time",15.85,15.65,16.05
"Median Wage",2021,"Belfast","Hourly (excluding overtime)","Part-Time",10.7,10.95,9.82
"Median Wage",2021,"Belfast","Weekly","All",539.3,477.3,596.2
"Median Wage",2021,"Belfast","Weekly","Full-Time",613.3,596.5,625.6
"Median Wage",2021,"Belfast","Weekly","Part-Time",224.3,235.5,206.1
"Median Wage",2021,"Causeway Coast and Glens","Hourly (excluding overtime)","All",10.46,10.51,10.31
"Median Wage",2021,"Causeway Coast and Glens","Hourly (excluding overtime)","Full-Time",11.28,12.4,10.72
"Median Wage",2021,"Causeway Coast and Glens","Hourly (excluding overtime)","Part-Time",9.55,9.5,9.68
"Median Wage",2021,"Causeway Coast and Glens","Weekly","All",378.5,323.4,419.9
"Median Wage",2021,"Causeway Coast and Glens","Weekly","Full-Time",460,473.9,450.8
"Median Wage",2021,"Causeway Coast and Glens","Weekly","Part-Time",183.2,185,NA
"Median Wage",2021,"Derry City and Strabane","Hourly (excluding overtime)","All",11.95,12.35,11.56
"Median Wage",2021,"Derry City and Strabane","Hourly (excluding overtime)","Full-Time",13.38,16.04,12.01
"Median Wage",2021,"Derry City and Strabane","Hourly (excluding overtime)","Part-Time",9.62,9.55,10.23
"Median Wage",2021,"Derry City and Strabane","Weekly","All",420.5,376.9,448.8
"Median Wage",2021,"Derry City and Strabane","Weekly","Full-Time",533.9,599.5,501
"Median Wage",2021,"Derry City and Strabane","Weekly","Part-Time",191.5,189.9,191.6
"Median Wage",2021,"Fermanagh and Omagh","Hourly (excluding overtime)","All",11.98,11.8,12.33
"Median Wage",2021,"Fermanagh and Omagh","Hourly (excluding overtime)","Full-Time",12.81,12.59,13.11
"Median Wage",2021,"Fermanagh and Omagh","Hourly (excluding overtime)","Part-Time",10,10.5,9.08
"Median Wage",2021,"Fermanagh and Omagh","Weekly","All",424.2,358.5,507.5
"Median Wage",2021,"Fermanagh and Omagh","Weekly","Full-Time",539.9,488.8,594.9
"Median Wage",2021,"Fermanagh and Omagh","Weekly","Part-Time",192,244.7,NA
"Median Wage",2021,"Lisburn and Castlereagh","Hourly (excluding overtime)","All",13.5,13.14,13.79
"Median Wage",2021,"Lisburn and Castlereagh","Hourly (excluding overtime)","Full-Time",14.43,14.41,14.53
"Median Wage",2021,"Lisburn and Castlereagh","Hourly (excluding overtime)","Part-Time",10.81,10.81,10.67
"Median Wage",2021,"Lisburn and Castlereagh","Weekly","All",478.1,418.2,534.4
"Median Wage",2021,"Lisburn and Castlereagh","Weekly","Full-Time",582,554.6,586.4
"Median Wage",2021,"Lisburn and Castlereagh","Weekly","Part-Time",226,234.3,199.7
"Median Wage",2021,"Mid and East Antrim","Hourly (excluding overtime)","All",11.95,10.61,12.83
"Median Wage",2021,"Mid and East Antrim","Hourly (excluding overtime)","Full-Time",13,13.07,12.88
"Median Wage",2021,"Mid and East Antrim","Hourly (excluding overtime)","Part-Time",9.89,9.82,11.46
"Median Wage",2021,"Mid and East Antrim","Weekly","All",420.9,357.1,487.6
"Median Wage",2021,"Mid and East Antrim","Weekly","Full-Time",534.5,488.2,571.7
"Median Wage",2021,"Mid and East Antrim","Weekly","Part-Time",206.6,212.1,NA
"Median Wage",2021,"Mid Ulster","Hourly (excluding overtime)","All",11.63,10.67,12.02
"Median Wage",2021,"Mid Ulster","Hourly (excluding overtime)","Full-Time",12.5,12.3,12.5
"Median Wage",2021,"Mid Ulster","Hourly (excluding overtime)","Part-Time",9.63,9.5,10
"Median Wage",2021,"Mid Ulster","Weekly","All",458.8,369.9,500
"Median Wage",2021,"Mid Ulster","Weekly","Full-Time",530.4,468.6,544.3
"Median Wage",2021,"Mid Ulster","Weekly","Part-Time",156.1,184.5,NA
"Median Wage",2021,"Newry, Mourne and Down","Hourly (excluding overtime)","All",11.66,11.47,11.97
"Median Wage",2021,"Newry, Mourne and Down","Hourly (excluding overtime)","Full-Time",12.66,13.28,12.15
"Median Wage",2021,"Newry, Mourne and Down","Hourly (excluding overtime)","Part-Time",10.19,9.99,10.54
"Median Wage",2021,"Newry, Mourne and Down","Weekly","All",429.8,402.3,479
"Median Wage",2021,"Newry, Mourne and Down","Weekly","Full-Time",521.7,498.3,552
"Median Wage",2021,"Newry, Mourne and Down","Weekly","Part-Time",209,211.4,194.4
"Median Wage",2021,"Ards and North Down","Hourly (excluding overtime)","All",11.5,12.27,11.41
"Median Wage",2021,"Ards and North Down","Hourly (excluding overtime)","Full-Time",13.05,14.6,12.11
"Median Wage",2021,"Ards and North Down","Hourly (excluding overtime)","Part-Time",10.16,10.31,9.96
"Median Wage",2021,"Ards and North Down","Weekly","All",376.4,344.5,442
"Median Wage",2021,"Ards and North Down","Weekly","Full-Time",553.9,557,538.9
"Median Wage",2021,"Ards and North Down","Weekly","Part-Time",206.9,211.4,195.4
"Median Wage",2022,"Northern Ireland","Hourly (excluding overtime)","All",13.4,12.9,13.95
"Median Wage",2022,"Northern Ireland","Hourly (excluding overtime)","Full-Time",14.85,15.36,14.48
"Median Wage",2022,"Northern Ireland","Hourly (excluding overtime)","Part-Time",10.68,10.69,10.58
"Median Wage",2022,"Northern Ireland","Weekly","All",499.2,438.6,555.9
"Median Wage",2022,"Northern Ireland","Weekly","Full-Time",596.8,585.6,600.9
"Median Wage",2022,"Northern Ireland","Weekly","Part-Time",222.9,230,200
"Median Wage",2022,"Antrim and Newtownabbey","Hourly (excluding overtime)","All",12.94,12.44,14
"Median Wage",2022,"Antrim and Newtownabbey","Hourly (excluding overtime)","Full-Time",14.2,14.71,14.19
"Median Wage",2022,"Antrim and Newtownabbey","Hourly (excluding overtime)","Part-Time",10.45,10.46,10.26
"Median Wage",2022,"Antrim and Newtownabbey","Weekly","All",491.7,425.2,550.3
"Median Wage",2022,"Antrim and Newtownabbey","Weekly","Full-Time",571,600.1,563.2
"Median Wage",2022,"Antrim and Newtownabbey","Weekly","Part-Time",189.8,189.8,NA
"Median Wage",2022,"Armagh City, Banbridge and Craigavon","Hourly (excluding overtime)","All",12.91,12.63,13.56
"Median Wage",2022,"Armagh City, Banbridge and Craigavon","Hourly (excluding overtime)","Full-Time",14.03,14.23,14
"Median Wage",2022,"Armagh City, Banbridge and Craigavon","Hourly (excluding overtime)","Part-Time",11,11.1,10.01
"Median Wage",2022,"Armagh City, Banbridge and Craigavon","Weekly","All",481.3,418.3,562.5
"Median Wage",2022,"Armagh City, Banbridge and Craigavon","Weekly","Full-Time",592,560,622.3
"Median Wage",2022,"Armagh City, Banbridge and Craigavon","Weekly","Part-Time",230.7,238.1,200.6
"Median Wage",2022,"Belfast","Hourly (excluding overtime)","All",15.25,14.91,15.8
"Median Wage",2022,"Belfast","Hourly (excluding overtime)","Full-Time",16.52,16.35,16.79
"Median Wage",2022,"Belfast","Hourly (excluding overtime)","Part-Time",11.59,11.69,10.7
"Median Wage",2022,"Belfast","Weekly","All",555.9,505.3,619.1
"Median Wage",2022,"Belfast","Weekly","Full-Time",649.5,619.1,665
"Median Wage",2022,"Belfast","Weekly","Part-Time",250,267.6,207
"Median Wage",2022,"Causeway Coast and Glens","Hourly (excluding overtime)","All",11.59,11.25,11.98
"Median Wage",2022,"Causeway Coast and Glens","Hourly (excluding overtime)","Full-Time",12.4,13.26,12.07
"Median Wage",2022,"Causeway Coast and Glens","Hourly (excluding overtime)","Part-Time",10.14,10.14,10.07
"Median Wage",2022,"Causeway Coast and Glens","Weekly","All",431.7,382.5,475.8
"Median Wage",2022,"Causeway Coast and Glens","Weekly","Full-Time",508.4,530.6,498.3
"Median Wage",2022,"Causeway Coast and Glens","Weekly","Part-Time",224.4,232.2,NA
"Median Wage",2022,"Derry City and Strabane","Hourly (excluding overtime)","All",12.83,12.69,12.94
"Median Wage",2022,"Derry City and Strabane","Hourly (excluding overtime)","Full-Time",13.65,16.68,13.13
"Median Wage",2022,"Derry City and Strabane","Hourly (excluding overtime)","Part-Time",10.39,10.27,11.48
"Median Wage",2022,"Derry City and Strabane","Weekly","All",459.7,390.4,497.5
"Median Wage",2022,"Derry City and Strabane","Weekly","Full-Time",562.7,614.4,549.5
"Median Wage",2022,"Derry City and Strabane","Weekly","Part-Time",202.5,201.1,207.7
"Median Wage",2022,"Fermanagh and Omagh","Hourly (excluding overtime)","All",12.79,12.11,13.54
"Median Wage",2022,"Fermanagh and Omagh","Hourly (excluding overtime)","Full-Time",14.04,14.2,13.96
"Median Wage",2022,"Fermanagh and Omagh","Hourly (excluding overtime)","Part-Time",10.68,10.68,NA
"Median Wage",2022,"Fermanagh and Omagh","Weekly","All",442.1,399.7,516.7
"Median Wage",2022,"Fermanagh and Omagh","Weekly","Full-Time",564.5,538.5,577
"Median Wage",2022,"Fermanagh and Omagh","Weekly","Part-Time",226.7,253.5,174.1
"Median Wage",2022,"Lisburn and Castlereagh","Hourly (excluding overtime)","All",13.39,13.51,13.27
"Median Wage",2022,"Lisburn and Castlereagh","Hourly (excluding overtime)","Full-Time",14.67,15.91,14.01
"Median Wage",2022,"Lisburn and Castlereagh","Hourly (excluding overtime)","Part-Time",10.68,10.69,10.14
"Median Wage",2022,"Lisburn and Castlereagh","Weekly","All",489.6,453.8,508.3
"Median Wage",2022,"Lisburn and Castlereagh","Weekly","Full-Time",588.9,600.3,579.2
"Median Wage",2022,"Lisburn and Castlereagh","Weekly","Part-Time",199.8,201.6,NA
"Median Wage",2022,"Mid and East Antrim","Hourly (excluding overtime)","All",12.4,11.4,13.27
"Median Wage",2022,"Mid and East Antrim","Hourly (excluding overtime)","Full-Time",13.28,13.14,13.37
"Median Wage",2022,"Mid and East Antrim","Hourly (excluding overtime)","Part-Time",10.4,10.2,11.48
"Median Wage",2022,"Mid and East Antrim","Weekly","All",446,378.4,512.3
"Median Wage",2022,"Mid and East Antrim","Weekly","Full-Time",550.5,511.6,559.8
"Median Wage",2022,"Mid and East Antrim","Weekly","Part-Time",213.9,203.7,NA
"Median Wage",2022,"Mid Ulster","Hourly (excluding overtime)","All",12.49,11.43,12.84
"Median Wage",2022,"Mid Ulster","Hourly (excluding overtime)","Full-Time",13.5,13,13.5
"Median Wage",2022,"Mid Ulster","Hourly (excluding overtime)","Part-Time",10.39,10.26,10.51
"Median Wage",2022,"Mid Ulster","Weekly","All",506.3,393.4,546.5
"Median Wage",2022,"Mid Ulster","Weekly","Full-Time",574.9,532.2,575
"Median Wage",2022,"Mid Ulster","Weekly","Part-Time",190.2,206.8,NA
"Median Wage",2022,"Newry, Mourne and Down","Hourly (excluding overtime)","All",12.73,12.78,12.67
"Median Wage",2022,"Newry, Mourne and Down","Hourly (excluding overtime)","Full-Time",13.87,15.99,13.1
"Median Wage",2022,"Newry, Mourne and Down","Hourly (excluding overtime)","Part-Time",10.47,10.61,10.03
"Median Wage",2022,"Newry, Mourne and Down","Weekly","All",488.9,435.2,511.7
"Median Wage",2022,"Newry, Mourne and Down","Weekly","Full-Time",565.9,574.9,557.7
"Median Wage",2022,"Newry, Mourne and Down","Weekly","Part-Time",206.6,212.2,199.3
"Median Wage",2022,"Ards and North Down","Hourly (excluding overtime)","All",11.88,11.61,12.12
"Median Wage",2022,"Ards and North Down","Hourly (excluding overtime)","Full-Time",13.46,15.31,13.05
"Median Wage",2022,"Ards and North Down","Hourly (excluding overtime)","Part-Time",10.57,10.64,10.08
"Median Wage",2022,"Ards and North Down","Weekly","All",394,359.9,457.4
"Median Wage",2022,"Ards and North Down","Weekly","Full-Time",509.5,550,506.5
"Median Wage",2022,"Ards and North Down","Weekly","Part-Time",223,222.8,NA
"Median Wage",2023,"Northern Ireland","Hourly (excluding overtime)","All",14.3,13.68,14.8
"Median Wage",2023,"Northern Ireland","Hourly (excluding overtime)","Full-Time",16,16.35,15.85
"Median Wage",2023,"Northern Ireland","Hourly (excluding overtime)","Part-Time",11.7,11.7,11.5
"Median Wage",2023,"Northern Ireland","Weekly","All",522.4,463.1,591.6
"Median Wage",2023,"Northern Ireland","Weekly","Full-Time",638.7,622.9,656.5
"Median Wage",2023,"Northern Ireland","Weekly","Part-Time",230.5,237.2,208.4
"Median Wage",2023,"Antrim and Newtownabbey","Hourly (excluding overtime)","All",13.9,13.44,14.25
"Median Wage",2023,"Antrim and Newtownabbey","Hourly (excluding overtime)","Full-Time",15,14.82,15.1
"Median Wage",2023,"Antrim and Newtownabbey","Hourly (excluding overtime)","Part-Time",11.7,11.73,11.11
"Median Wage",2023,"Antrim and Newtownabbey","Weekly","All",523.7,468.8,600.7
"Median Wage",2023,"Antrim and Newtownabbey","Weekly","Full-Time",616.5,567.1,627.1
"Median Wage",2023,"Antrim and Newtownabbey","Weekly","Part-Time",240,239.7,270.6
"Median Wage",2023,"Armagh City, Banbridge and Craigavon","Hourly (excluding overtime)","All",14.09,13.45,15
"Median Wage",2023,"Armagh City, Banbridge and Craigavon","Hourly (excluding overtime)","Full-Time",15.9,16.72,15.34
"Median Wage",2023,"Armagh City, Banbridge and Craigavon","Hourly (excluding overtime)","Part-Time",11.83,11.7,12.72
"Median Wage",2023,"Armagh City, Banbridge and Craigavon","Weekly","All",511.2,442.2,591.7
"Median Wage",2023,"Armagh City, Banbridge and Craigavon","Weekly","Full-Time",633.8,631,642.3
"Median Wage",2023,"Armagh City, Banbridge and Craigavon","Weekly","Part-Time",247,251.9,211.9
"Median Wage",2023,"Belfast","Hourly (excluding overtime)","All",16.7,15.3,17.62
"Median Wage",2023,"Belfast","Hourly (excluding overtime)","Full-Time",18.23,17.43,18.68
"Median Wage",2023,"Belfast","Hourly (excluding overtime)","Part-Time",12.05,12.15,11.63
"Median Wage",2023,"Belfast","Weekly","All",600.9,529.1,680.8
"Median Wage",2023,"Belfast","Weekly","Full-Time",706.6,658.2,740.2
"Median Wage",2023,"Belfast","Weekly","Part-Time",242.3,248.2,239.6
"Median Wage",2023,"Causeway Coast and Glens","Hourly (excluding overtime)","All",12.31,12.25,12.29
"Median Wage",2023,"Causeway Coast and Glens","Hourly (excluding overtime)","Full-Time",13.44,13.94,12.97
"Median Wage",2023,"Causeway Coast and Glens","Hourly (excluding overtime)","Part-Time",11.13,11.19,11.02
"Median Wage",2023,"Causeway Coast and Glens","Weekly","All",457.8,431.5,476.6
"Median Wage",2023,"Causeway Coast and Glens","Weekly","Full-Time",528,523.1,531.7
"Median Wage",2023,"Causeway Coast and Glens","Weekly","Part-Time",230.8,241.1,NA
"Median Wage",2023,"Derry City and Strabane","Hourly (excluding overtime)","All",13.41,12.72,14
"Median Wage",2023,"Derry City and Strabane","Hourly (excluding overtime)","Full-Time",15.1,17.37,14.58
"Median Wage",2023,"Derry City and Strabane","Hourly (excluding overtime)","Part-Time",11.4,11.09,11.88
"Median Wage",2023,"Derry City and Strabane","Weekly","All",484.8,417.2,556.6
"Median Wage",2023,"Derry City and Strabane","Weekly","Full-Time",614.6,611.5,615.2
"Median Wage",2023,"Derry City and Strabane","Weekly","Part-Time",218,218.2,NA
"Median Wage",2023,"Fermanagh and Omagh","Hourly (excluding overtime)","All",13.4,12.89,13.95
"Median Wage",2023,"Fermanagh and Omagh","Hourly (excluding overtime)","Full-Time",15.09,15.29,15
"Median Wage",2023,"Fermanagh and Omagh","Hourly (excluding overtime)","Part-Time",11.44,11.7,10.84
"Median Wage",2023,"Fermanagh and Omagh","Weekly","All",478.2,414,547.2
"Median Wage",2023,"Fermanagh and Omagh","Weekly","Full-Time",609.8,613.7,605.1
"Median Wage",2023,"Fermanagh and Omagh","Weekly","Part-Time",233.4,242.3,NA
"Median Wage",2023,"Lisburn and Castlereagh","Hourly (excluding overtime)","All",13.66,13.54,13.72
"Median Wage",2023,"Lisburn and Castlereagh","Hourly (excluding overtime)","Full-Time",15.62,16.1,14.46
"Median Wage",2023,"Lisburn and Castlereagh","Hourly (excluding overtime)","Part-Time",11.64,11.52,11.67
"Median Wage",2023,"Lisburn and Castlereagh","Weekly","All",506.8,444.2,528.6
"Median Wage",2023,"Lisburn and Castlereagh","Weekly","Full-Time",616.8,613.7,625.5
"Median Wage",2023,"Lisburn and Castlereagh","Weekly","Part-Time",219.1,219.1,201.6
"Median Wage",2023,"Mid and East Antrim","Hourly (excluding overtime)","All",13.5,12.33,14.29
"Median Wage",2023,"Mid and East Antrim","Hourly (excluding overtime)","Full-Time",14.3,14.09,14.4
"Median Wage",2023,"Mid and East Antrim","Hourly (excluding overtime)","Part-Time",11.84,11.31,NA
"Median Wage",2023,"Mid and East Antrim","Weekly","All",477.7,436.6,529.6
"Median Wage",2023,"Mid and East Antrim","Weekly","Full-Time",570.4,533.9,594.3
"Median Wage",2023,"Mid and East Antrim","Weekly","Part-Time",229.1,229.7,NA
"Median Wage",2023,"Mid Ulster","Hourly (excluding overtime)","All",12.8,11.85,13.75
"Median Wage",2023,"Mid Ulster","Hourly (excluding overtime)","Full-Time",14.09,12.96,14.48
"Median Wage",2023,"Mid Ulster","Hourly (excluding overtime)","Part-Time",11.45,11.47,11.36
"Median Wage",2023,"Mid Ulster","Weekly","All",507.1,425.6,586.2
"Median Wage",2023,"Mid Ulster","Weekly","Full-Time",613.3,547.7,642.8
"Median Wage",2023,"Mid Ulster","Weekly","Part-Time",230.2,239.6,221.5
"Median Wage",2023,"Newry, Mourne and Down","Hourly (excluding overtime)","All",12.91,13.1,12.71
"Median Wage",2023,"Newry, Mourne and Down","Hourly (excluding overtime)","Full-Time",14,15.27,13.65
"Median Wage",2023,"Newry, Mourne and Down","Hourly (excluding overtime)","Part-Time",11.41,11.7,11
"Median Wage",2023,"Newry, Mourne and Down","Weekly","All",480.4,444.5,504.7
"Median Wage",2023,"Newry, Mourne and Down","Weekly","Full-Time",567.9,583.3,557.8
"Median Wage",2023,"Newry, Mourne and Down","Weekly","Part-Time",219.8,252.7,148.4
"Median Wage",2023,"Ards and North Down","Hourly (excluding overtime)","All",13.02,12.46,14
"Median Wage",2023,"Ards and North Down","Hourly (excluding overtime)","Full-Time",15.25,16.62,14.52
"Median Wage",2023,"Ards and North Down","Hourly (excluding overtime)","Part-Time",11.28,11.18,11.44
"Median Wage",2023,"Ards and North Down","Weekly","All",450,402,506.5
"Median Wage",2023,"Ards and North Down","Weekly","Full-Time",577.6,591.3,575.1
"Median Wage",2023,"Ards and North Down","Weekly","Part-Time",203.4,209.5,NA
"Median Wage",2024,"Northern Ireland","Hourly (excluding overtime)","All",15.1,14.5,15.74
"Median Wage",2024,"Northern Ireland","Hourly (excluding overtime)","Full-Time",16.75,16.68,16.8
"Median Wage",2024,"Northern Ireland","Hourly (excluding overtime)","Part-Time",12.5,12.52,12.18
"Median Wage",2024,"Northern Ireland","Weekly","All",559.2,498.6,630.1
"Median Wage",2024,"Northern Ireland","Weekly","Full-Time",664,631.2,690.6
"Median Wage",2024,"Northern Ireland","Weekly","Part-Time",248.8,255.8,232
"Median Wage",2024,"Antrim and Newtownabbey","Hourly (excluding overtime)","All",14.94,14.42,15.28
"Median Wage",2024,"Antrim and Newtownabbey","Hourly (excluding overtime)","Full-Time",16.13,17.24,15.67
"Median Wage",2024,"Antrim and Newtownabbey","Hourly (excluding overtime)","Part-Time",12.44,12.49,11.84
"Median Wage",2024,"Antrim and Newtownabbey","Weekly","All",553.5,506.3,587.8
"Median Wage",2024,"Antrim and Newtownabbey","Weekly","Full-Time",647.8,656.4,632.5
"Median Wage",2024,"Antrim and Newtownabbey","Weekly","Part-Time",256.7,260.4,NA
"Median Wage",2024,"Armagh City, Banbridge and Craigavon","Hourly (excluding overtime)","All",14.6,14.19,15.2
"Median Wage",2024,"Armagh City, Banbridge and Craigavon","Hourly (excluding overtime)","Full-Time",16.01,15.72,16.18
"Median Wage",2024,"Armagh City, Banbridge and Craigavon","Hourly (excluding overtime)","Part-Time",12.54,12.65,12.04
"Median Wage",2024,"Armagh City, Banbridge and Craigavon","Weekly","All",541.8,476.8,611.4
"Median Wage",2024,"Armagh City, Banbridge and Craigavon","Weekly","Full-Time",646.1,611,694.6
"Median Wage",2024,"Armagh City, Banbridge and Craigavon","Weekly","Part-Time",257.3,279.7,202.3
"Median Wage",2024,"Belfast","Hourly (excluding overtime)","All",17.2,16.59,17.97
"Median Wage",2024,"Belfast","Hourly (excluding overtime)","Full-Time",18.43,17.93,19.16
"Median Wage",2024,"Belfast","Hourly (excluding overtime)","Part-Time",13.02,13.33,12.61
"Median Wage",2024,"Belfast","Weekly","All",619.8,559.6,683.5
"Median Wage",2024,"Belfast","Weekly","Full-Time",717.4,668.2,761
"Median Wage",2024,"Belfast","Weekly","Part-Time",277.7,279.7,255.4
"Median Wage",2024,"Causeway Coast and Glens","Hourly (excluding overtime)","All",13.44,13.05,13.74
"Median Wage",2024,"Causeway Coast and Glens","Hourly (excluding overtime)","Full-Time",14.12,15.14,13.82
"Median Wage",2024,"Causeway Coast and Glens","Hourly (excluding overtime)","Part-Time",12.31,12.12,12.65
"Median Wage",2024,"Causeway Coast and Glens","Weekly","All",500.6,448.2,529.3
"Median Wage",2024,"Causeway Coast and Glens","Weekly","Full-Time",560.9,572.8,557.7
"Median Wage",2024,"Causeway Coast and Glens","Weekly","Part-Time",229.5,226.6,NA
"Median Wage",2024,"Derry City and Strabane","Hourly (excluding overtime)","All",14.36,13.44,15.76
"Median Wage",2024,"Derry City and Strabane","Hourly (excluding overtime)","Full-Time",16.31,16.35,16.22
"Median Wage",2024,"Derry City and Strabane","Hourly (excluding overtime)","Part-Time",12.59,12.31,12.96
"Median Wage",2024,"Derry City and Strabane","Weekly","All",523.5,453.9,628
"Median Wage",2024,"Derry City and Strabane","Weekly","Full-Time",660.9,601.8,686.3
"Median Wage",2024,"Derry City and Strabane","Weekly","Part-Time",241.2,239.2,251.6
"Median Wage",2024,"Fermanagh and Omagh","Hourly (excluding overtime)","All",14.37,13.67,14.57
"Median Wage",2024,"Fermanagh and Omagh","Hourly (excluding overtime)","Full-Time",15.96,15.32,16.03
"Median Wage",2024,"Fermanagh and Omagh","Hourly (excluding overtime)","Part-Time",12.5,12.73,12
"Median Wage",2024,"Fermanagh and Omagh","Weekly","All",508.3,444.7,579.3
"Median Wage",2024,"Fermanagh and Omagh","Weekly","Full-Time",646.4,605.9,694.2
"Median Wage",2024,"Fermanagh and Omagh","Weekly","Part-Time",238.4,268.3,NA
"Median Wage",2024,"Lisburn and Castlereagh","Hourly (excluding overtime)","All",15.32,14.86,16.31
"Median Wage",2024,"Lisburn and Castlereagh","Hourly (excluding overtime)","Full-Time",17.09,16.84,17.52
"Median Wage",2024,"Lisburn and Castlereagh","Hourly (excluding overtime)","Part-Time",12.11,12.31,11.98
"Median Wage",2024,"Lisburn and Castlereagh","Weekly","All",572,503.2,645.2
"Median Wage",2024,"Lisburn and Castlereagh","Weekly","Full-Time",678.4,635.5,704.6
"Median Wage",2024,"Lisburn and Castlereagh","Weekly","Part-Time",229.8,235.1,NA
"Median Wage",2024,"Mid and East Antrim","Hourly (excluding overtime)","All",14.36,12.73,15.31
"Median Wage",2024,"Mid and East Antrim","Hourly (excluding overtime)","Full-Time",15.16,13.82,15.43
"Median Wage",2024,"Mid and East Antrim","Hourly (excluding overtime)","Part-Time",12.11,12.04,12.42
"Median Wage",2024,"Mid and East Antrim","Weekly","All",551.4,441.9,618.1
"Median Wage",2024,"Mid and East Antrim","Weekly","Full-Time",637,560.3,648.9
"Median Wage",2024,"Mid and East Antrim","Weekly","Part-Time",229.8,234.5,NA
"Median Wage",2024,"Mid Ulster","Hourly (excluding overtime)","All",13.96,12.83,14.53
"Median Wage",2024,"Mid Ulster","Hourly (excluding overtime)","Full-Time",14.73,13.83,15.12
"Median Wage",2024,"Mid Ulster","Hourly (excluding overtime)","Part-Time",12.23,12.48,12
"Median Wage",2024,"Mid Ulster","Weekly","All",550.6,454.9,637.2
"Median Wage",2024,"Mid Ulster","Weekly","Full-Time",637.5,546,665.6
"Median Wage",2024,"Mid Ulster","Weekly","Part-Time",252.8,253.5,NA
"Median Wage",2024,"Newry, Mourne and Down","Hourly (excluding overtime)","All",13.87,13.79,14
"Median Wage",2024,"Newry, Mourne and Down","Hourly (excluding overtime)","Full-Time",15.54,16.41,14.83
"Median Wage",2024,"Newry, Mourne and Down","Hourly (excluding overtime)","Part-Time",12.14,12.32,12
"Median Wage",2024,"Newry, Mourne and Down","Weekly","All",510.3,455.2,562.6
"Median Wage",2024,"Newry, Mourne and Down","Weekly","Full-Time",623.9,623.3,624.4
"Median Wage",2024,"Newry, Mourne and Down","Weekly","Part-Time",221.7,248,193.4
"Median Wage",2024,"Ards and North Down","Hourly (excluding overtime)","All",13.22,13.22,13.12
"Median Wage",2024,"Ards and North Down","Hourly (excluding overtime)","Full-Time",15.35,15.88,15
"Median Wage",2024,"Ards and North Down","Hourly (excluding overtime)","Part-Time",12,12.11,11.49
"Median Wage",2024,"Ards and North Down","Weekly","All",459.8,416.9,487.7
"Median Wage",2024,"Ards and North Down","Weekly","Full-Time",604,606.7,587.4
"Median Wage",2024,"Ards and North Down","Weekly","Part-Time",219.9,221.1,NA
"Median Wage",2025,"Northern Ireland","Hourly (excluding overtime)","All",16.17,15.57,16.77
"Median Wage",2025,"Northern Ireland","Hourly (excluding overtime)","Full-Time",17.76,17.67,17.87
"Median Wage",2025,"Northern Ireland","Hourly (excluding overtime)","Part-Time",13.42,13.56,12.92
"Median Wage",2025,"Northern Ireland","Weekly","All",591.9,527.1,674
"Median Wage",2025,"Northern Ireland","Weekly","Full-Time",713.1,678.4,742.5
"Median Wage",2025,"Northern Ireland","Weekly","Part-Time",272.2,284.4,240
"Median Wage",2025,"Antrim and Newtownabbey","Hourly (excluding overtime)","All",15.97,15.28,16.52
"Median Wage",2025,"Antrim and Newtownabbey","Hourly (excluding overtime)","Full-Time",16.83,17.13,16.77
"Median Wage",2025,"Antrim and Newtownabbey","Hourly (excluding overtime)","Part-Time",13.36,13.42,12.53
"Median Wage",2025,"Antrim and Newtownabbey","Weekly","All",594.7,542.2,652.9
"Median Wage",2025,"Antrim and Newtownabbey","Weekly","Full-Time",693.6,650.9,719.1
"Median Wage",2025,"Antrim and Newtownabbey","Weekly","Part-Time",256.5,280.6,NA
"Median Wage",2025,"Armagh City, Banbridge and Craigavon","Hourly (excluding overtime)","All",15.17,14.88,15.72
"Median Wage",2025,"Armagh City, Banbridge and Craigavon","Hourly (excluding overtime)","Full-Time",16.35,15.9,16.43
"Median Wage",2025,"Armagh City, Banbridge and Craigavon","Hourly (excluding overtime)","Part-Time",13.57,14,12.5
"Median Wage",2025,"Armagh City, Banbridge and Craigavon","Weekly","All",559.1,514.6,635.2
"Median Wage",2025,"Armagh City, Banbridge and Craigavon","Weekly","Full-Time",675.3,657.7,701.5
"Median Wage",2025,"Armagh City, Banbridge and Craigavon","Weekly","Part-Time",295,305.4,230.7
"Median Wage",2025,"Belfast","Hourly (excluding overtime)","All",18.23,17.51,19.09
"Median Wage",2025,"Belfast","Hourly (excluding overtime)","Full-Time",19.53,18.95,19.91
"Median Wage",2025,"Belfast","Hourly (excluding overtime)","Part-Time",14,14.35,13.5
"Median Wage",2025,"Belfast","Weekly","All",661.6,589.4,737.9
"Median Wage",2025,"Belfast","Weekly","Full-Time",766.6,724.9,797.6
"Median Wage",2025,"Belfast","Weekly","Part-Time",283,295.9,254.5
"Median Wage",2025,"Causeway Coast and Glens","Hourly (excluding overtime)","All",14.76,14.76,14.64
"Median Wage",2025,"Causeway Coast and Glens","Hourly (excluding overtime)","Full-Time",15.23,15.59,14.98
"Median Wage",2025,"Causeway Coast and Glens","Hourly (excluding overtime)","Part-Time",13.3,13.36,13
"Median Wage",2025,"Causeway Coast and Glens","Weekly","All",519.7,449.1,580.2
"Median Wage",2025,"Causeway Coast and Glens","Weekly","Full-Time",615,594.3,628.9
"Median Wage",2025,"Causeway Coast and Glens","Weekly","Part-Time",280.1,283.4,NA
"Median Wage",2025,"Derry City and Strabane","Hourly (excluding overtime)","All",16.15,15.32,16.93
"Median Wage",2025,"Derry City and Strabane","Hourly (excluding overtime)","Full-Time",17.74,17.81,17.4
"Median Wage",2025,"Derry City and Strabane","Hourly (excluding overtime)","Part-Time",13.42,13.42,14.43
"Median Wage",2025,"Derry City and Strabane","Weekly","All",582,494.6,678.3
"Median Wage",2025,"Derry City and Strabane","Weekly","Full-Time",700,646.4,711.1
"Median Wage",2025,"Derry City and Strabane","Weekly","Part-Time",276.9,280.1,NA
"Median Wage",2025,"Fermanagh and Omagh","Hourly (excluding overtime)","All",16,15.31,16.11
"Median Wage",2025,"Fermanagh and Omagh","Hourly (excluding overtime)","Full-Time",17.59,16.95,17.65
"Median Wage",2025,"Fermanagh and Omagh","Hourly (excluding overtime)","Part-Time",13.77,14.66,12.5
"Median Wage",2025,"Fermanagh and Omagh","Weekly","All",572.5,478.8,679.4
"Median Wage",2025,"Fermanagh and Omagh","Weekly","Full-Time",710.6,633,746.8
"Median Wage",2025,"Fermanagh and Omagh","Weekly","Part-Time",280.5,312.5,NA
"Median Wage",2025,"Lisburn and Castlereagh","Hourly (excluding overtime)","All",16.72,15.8,18.28
"Median Wage",2025,"Lisburn and Castlereagh","Hourly (excluding overtime)","Full-Time",18.65,18.54,18.74
"Median Wage",2025,"Lisburn and Castlereagh","Hourly (excluding overtime)","Part-Time",13.64,13.63,13.52
"Median Wage",2025,"Lisburn and Castlereagh","Weekly","All",601.4,521.8,709.6
"Median Wage",2025,"Lisburn and Castlereagh","Weekly","Full-Time",736.5,704.1,764
"Median Wage",2025,"Lisburn and Castlereagh","Weekly","Part-Time",256.1,262.9,NA
"Median Wage",2025,"Mid and East Antrim","Hourly (excluding overtime)","All",14.93,14.04,16.04
"Median Wage",2025,"Mid and East Antrim","Hourly (excluding overtime)","Full-Time",16.04,14.76,16.35
"Median Wage",2025,"Mid and East Antrim","Hourly (excluding overtime)","Part-Time",13.42,13.42,12.5
"Median Wage",2025,"Mid and East Antrim","Weekly","All",575.4,485.6,647.6
"Median Wage",2025,"Mid and East Antrim","Weekly","Full-Time",648.3,596.1,696.4
"Median Wage",2025,"Mid and East Antrim","Weekly","Part-Time",280.8,296.2,NA
"Median Wage",2025,"Mid Ulster","Hourly (excluding overtime)","All",15,14.76,15.33
"Median Wage",2025,"Mid Ulster","Hourly (excluding overtime)","Full-Time",16,16.29,15.8
"Median Wage",2025,"Mid Ulster","Hourly (excluding overtime)","Part-Time",13.09,13.14,12.75
"Median Wage",2025,"Mid Ulster","Weekly","All",581.1,490.1,640.6
"Median Wage",2025,"Mid Ulster","Weekly","Full-Time",672.8,643.3,680.2
"Median Wage",2025,"Mid Ulster","Weekly","Part-Time",246,267.5,NA
"Median Wage",2025,"Newry, Mourne and Down","Hourly (excluding overtime)","All",15,14.82,15.19
"Median Wage",2025,"Newry, Mourne and Down","Hourly (excluding overtime)","Full-Time",16.36,16.53,16.02
"Median Wage",2025,"Newry, Mourne and Down","Hourly (excluding overtime)","Part-Time",13.42,13.71,12.6
"Median Wage",2025,"Newry, Mourne and Down","Weekly","All",534.4,485,611.9
"Median Wage",2025,"Newry, Mourne and Down","Weekly","Full-Time",664.6,664.1,665
"Median Wage",2025,"Newry, Mourne and Down","Weekly","Part-Time",272,280.6,240.4
"Median Wage",2025,"Ards and North Down","Hourly (excluding overtime)","All",14.56,14.76,14.28
"Median Wage",2025,"Ards and North Down","Hourly (excluding overtime)","Full-Time",15.93,16.01,15.88
"Median Wage",2025,"Ards and North Down","Hourly (excluding overtime)","Part-Time",13.09,13.42,12.49
"Median Wage",2025,"Ards and North Down","Weekly","All",505.8,479.1,536.9
"Median Wage",2025,"Ards and North Down","Weekly","Full-Time",651.4,647.5,650.3
"Median Wage",2025,"Ards and North Down","Weekly","Part-Time",240.8,244.8,NA
"Mean Wage",2014,"Northern Ireland","Hourly (excluding overtime)","All",12.98,12.38,13.44
"Mean Wage",2014,"Northern Ireland","Hourly (excluding overtime)","Full-Time",13.56,13.21,13.76
"Mean Wage",2014,"Northern Ireland","Hourly (excluding overtime)","Part-Time",10.19,10.33,9.79
"Mean Wage",2014,"Northern Ireland","Weekly","All",427.2,354,497.9
"Mean Wage",2014,"Northern Ireland","Weekly","Full-Time",537.6,496,563.7
"Mean Wage",2014,"Northern Ireland","Weekly","Part-Time",183.2,187,173.1
"Mean Wage",2014,"Antrim and Newtownabbey","Hourly (excluding overtime)","All",13.34,13.44,13.26
"Mean Wage",2014,"Antrim and Newtownabbey","Hourly (excluding overtime)","Full-Time",13.86,14.36,13.51
"Mean Wage",2014,"Antrim and Newtownabbey","Hourly (excluding overtime)","Part-Time",10.94,11.16,NA
"Mean Wage",2014,"Antrim and Newtownabbey","Weekly","All",435.3,386.1,492.2
"Mean Wage",2014,"Antrim and Newtownabbey","Weekly","Full-Time",544.2,533.7,552.1
"Mean Wage",2014,"Antrim and Newtownabbey","Weekly","Part-Time",200.2,207.7,175.6
"Mean Wage",2014,"Armagh City, Banbridge and Craigavon","Hourly (excluding overtime)","All",12.02,11.88,12.15
"Mean Wage",2014,"Armagh City, Banbridge and Craigavon","Hourly (excluding overtime)","Full-Time",12.48,12.56,12.43
"Mean Wage",2014,"Armagh City, Banbridge and Craigavon","Hourly (excluding overtime)","Part-Time",10.09,10.44,8.83
"Mean Wage",2014,"Armagh City, Banbridge and Craigavon","Weekly","All",389.7,341.1,443.5
"Mean Wage",2014,"Armagh City, Banbridge and Craigavon","Weekly","Full-Time",487.5,468.8,500.4
"Mean Wage",2014,"Armagh City, Banbridge and Craigavon","Weekly","Part-Time",191,201.7,156.9
"Mean Wage",2014,"Belfast","Hourly (excluding overtime)","All",14.35,13.32,15.07
"Mean Wage",2014,"Belfast","Hourly (excluding overtime)","Full-Time",14.83,14.02,15.27
"Mean Wage",2014,"Belfast","Hourly (excluding overtime)","Part-Time",11.46,11.32,11.9
"Mean Wage",2014,"Belfast","Weekly","All",480.9,397.7,550.4
"Mean Wage",2014,"Belfast","Weekly","Full-Time",573.7,522.1,603.1
"Mean Wage",2014,"Belfast","Weekly","Part-Time",212.8,217.2,201.4
"Mean Wage",2014,"Causeway Coast and Glens","Hourly (excluding overtime)","All",11.03,11.23,10.78
"Mean Wage",2014,"Causeway Coast and Glens","Hourly (excluding overtime)","Full-Time",11.61,12.11,11.08
"Mean Wage",2014,"Causeway Coast and Glens","Hourly (excluding overtime)","Part-Time",8.68,8.78,8.4
"Mean Wage",2014,"Causeway Coast and Glens","Weekly","All",342.2,316.6,380.7
"Mean Wage",2014,"Causeway Coast and Glens","Weekly","Full-Time",459.7,457.7,461.9
"Mean Wage",2014,"Causeway Coast and Glens","Weekly","Part-Time",143.1,145.7,135.9
"Mean Wage",2014,"Derry City and Strabane","Hourly (excluding overtime)","All",13.14,13.52,12.69
"Mean Wage",2014,"Derry City and Strabane","Hourly (excluding overtime)","Full-Time",13.3,13.6,13.03
"Mean Wage",2014,"Derry City and Strabane","Hourly (excluding overtime)","Part-Time",12.58,13.34,9.73
"Mean Wage",2014,"Derry City and Strabane","Weekly","All",393.3,360.1,443.4
"Mean Wage",2014,"Derry City and Strabane","Weekly","Full-Time",508.6,499.2,517.5
"Mean Wage",2014,"Derry City and Strabane","Weekly","Part-Time",214.9,228.1,165.9
"Mean Wage",2014,"Fermanagh and Omagh","Hourly (excluding overtime)","All",10.86,10.71,11.01
"Mean Wage",2014,"Fermanagh and Omagh","Hourly (excluding overtime)","Full-Time",11.58,11.86,11.36
"Mean Wage",2014,"Fermanagh and Omagh","Hourly (excluding overtime)","Part-Time",8.16,8.2,8.03
"Mean Wage",2014,"Fermanagh and Omagh","Weekly","All",346.5,300,404.1
"Mean Wage",2014,"Fermanagh and Omagh","Weekly","Full-Time",466,458.5,471.9
"Mean Wage",2014,"Fermanagh and Omagh","Weekly","Part-Time",143.8,143.3,145.6
"Mean Wage",2014,"Lisburn and Castlereagh","Hourly (excluding overtime)","All",11.29,11.04,11.46
"Mean Wage",2014,"Lisburn and Castlereagh","Hourly (excluding overtime)","Full-Time",11.94,12.38,11.72
"Mean Wage",2014,"Lisburn and Castlereagh","Hourly (excluding overtime)","Part-Time",8.43,8.18,8.99
"Mean Wage",2014,"Lisburn and Castlereagh","Weekly","All",369.3,302.3,427.2
"Mean Wage",2014,"Lisburn and Castlereagh","Weekly","Full-Time",479.6,470.1,484.5
"Mean Wage",2014,"Lisburn and Castlereagh","Weekly","Part-Time",150.5,141.9,171.2
"Mean Wage",2014,"Mid and East Antrim","Hourly (excluding overtime)","All",12.72,11.89,13.23
"Mean Wage",2014,"Mid and East Antrim","Hourly (excluding overtime)","Full-Time",13.44,12.95,13.66
"Mean Wage",2014,"Mid and East Antrim","Hourly (excluding overtime)","Part-Time",9.36,9.59,8.88
"Mean Wage",2014,"Mid and East Antrim","Weekly","All",431.6,340.9,501.5
"Mean Wage",2014,"Mid and East Antrim","Weekly","Full-Time",538,479.9,566.1
"Mean Wage",2014,"Mid and East Antrim","Weekly","Part-Time",183.3,186.8,175.6
"Mean Wage",2014,"Mid Ulster","Hourly (excluding overtime)","All",11.9,11.26,12.25
"Mean Wage",2014,"Mid Ulster","Hourly (excluding overtime)","Full-Time",12.36,12.11,12.47
"Mean Wage",2014,"Mid Ulster","Hourly (excluding overtime)","Part-Time",9.41,9.16,9.88
"Mean Wage",2014,"Mid Ulster","Weekly","All",393.7,311.6,453.3
"Mean Wage",2014,"Mid Ulster","Weekly","Full-Time",498,452.9,519.3
"Mean Wage",2014,"Mid Ulster","Weekly","Part-Time",156.6,153.6,162.2
"Mean Wage",2014,"Newry, Mourne and Down","Hourly (excluding overtime)","All",11.56,10.55,12.24
"Mean Wage",2014,"Newry, Mourne and Down","Hourly (excluding overtime)","Full-Time",12.17,11.39,12.57
"Mean Wage",2014,"Newry, Mourne and Down","Hourly (excluding overtime)","Part-Time",9.12,8.87,9.63
"Mean Wage",2014,"Newry, Mourne and Down","Weekly","All",385,298.9,458.3
"Mean Wage",2014,"Newry, Mourne and Down","Weekly","Full-Time",498.3,434.8,532.3
"Mean Wage",2014,"Newry, Mourne and Down","Weekly","Part-Time",170.9,165.2,182.4
"Mean Wage",2014,"Ards and North Down","Hourly (excluding overtime)","All",12.31,11.64,12.99
"Mean Wage",2014,"Ards and North Down","Hourly (excluding overtime)","Full-Time",13.39,13.2,13.54
"Mean Wage",2014,"Ards and North Down","Hourly (excluding overtime)","Part-Time",8.37,8.24,8.74
"Mean Wage",2014,"Ards and North Down","Weekly","All",365.9,306.6,443.2
"Mean Wage",2014,"Ards and North Down","Weekly","Full-Time",513.8,490.1,533.4
"Mean Wage",2014,"Ards and North Down","Weekly","Part-Time",138.1,133.5,151.1
"Mean Wage",2015,"Northern Ireland","Hourly (excluding overtime)","All",13.34,12.72,13.84
"Mean Wage",2015,"Northern Ireland","Hourly (excluding overtime)","Full-Time",14.02,13.77,14.19
"Mean Wage",2015,"Northern Ireland","Hourly (excluding overtime)","Part-Time",9.98,10.07,9.72
"Mean Wage",2015,"Northern Ireland","Weekly","All",442.8,371.7,513.3
"Mean Wage",2015,"Northern Ireland","Weekly","Full-Time",554.1,516.6,578.7
"Mean Wage",2015,"Northern Ireland","Weekly","Part-Time",185.1,190,171.8
"Mean Wage",2015,"Antrim and Newtownabbey","Hourly (excluding overtime)","All",13.13,12.57,13.63
"Mean Wage",2015,"Antrim and Newtownabbey","Hourly (excluding overtime)","Full-Time",13.84,13.59,14
"Mean Wage",2015,"Antrim and Newtownabbey","Hourly (excluding overtime)","Part-Time",9.7,10.14,7.7
"Mean Wage",2015,"Antrim and Newtownabbey","Weekly","All",440.2,366.5,523.5
"Mean Wage",2015,"Antrim and Newtownabbey","Weekly","Full-Time",547.3,508.4,574.7
"Mean Wage",2015,"Antrim and Newtownabbey","Weekly","Part-Time",185.5,193.8,150
"Mean Wage",2015,"Armagh City, Banbridge and Craigavon","Hourly (excluding overtime)","All",12.28,11.7,12.81
"Mean Wage",2015,"Armagh City, Banbridge and Craigavon","Hourly (excluding overtime)","Full-Time",12.82,12.59,12.97
"Mean Wage",2015,"Armagh City, Banbridge and Craigavon","Hourly (excluding overtime)","Part-Time",9.77,9.68,10.2
"Mean Wage",2015,"Armagh City, Banbridge and Craigavon","Weekly","All",402.8,338.1,477.7
"Mean Wage",2015,"Armagh City, Banbridge and Craigavon","Weekly","Full-Time",502.1,467.8,526.9
"Mean Wage",2015,"Armagh City, Banbridge and Craigavon","Weekly","Part-Time",180.7,185.2,163.2
"Mean Wage",2015,"Belfast","Hourly (excluding overtime)","All",15.15,14.1,15.97
"Mean Wage",2015,"Belfast","Hourly (excluding overtime)","Full-Time",15.92,15.21,16.36
"Mean Wage",2015,"Belfast","Hourly (excluding overtime)","Part-Time",10.66,10.74,10.44
"Mean Wage",2015,"Belfast","Weekly","All",510.1,430.1,584.1
"Mean Wage",2015,"Belfast","Weekly","Full-Time",615.7,573.9,642.6
"Mean Wage",2015,"Belfast","Weekly","Part-Time",206.6,209.2,199.2
"Mean Wage",2015,"Causeway Coast and Glens","Hourly (excluding overtime)","All",11.29,11.37,11.19
"Mean Wage",2015,"Causeway Coast and Glens","Hourly (excluding overtime)","Full-Time",11.71,12.18,11.2
"Mean Wage",2015,"Causeway Coast and Glens","Hourly (excluding overtime)","Part-Time",9.57,9.13,11.11
"Mean Wage",2015,"Causeway Coast and Glens","Weekly","All",358.2,330.2,402.3
"Mean Wage",2015,"Causeway Coast and Glens","Weekly","Full-Time",467.2,463,472
"Mean Wage",2015,"Causeway Coast and Glens","Weekly","Part-Time",164.3,161.9,171.3
"Mean Wage",2015,"Derry City and Strabane","Hourly (excluding overtime)","All",12.71,12.91,12.48
"Mean Wage",2015,"Derry City and Strabane","Hourly (excluding overtime)","Full-Time",13.47,14.24,12.8
"Mean Wage",2015,"Derry City and Strabane","Hourly (excluding overtime)","Part-Time",9.74,9.79,9.61
"Mean Wage",2015,"Derry City and Strabane","Weekly","All",397.6,367.3,438.5
"Mean Wage",2015,"Derry City and Strabane","Weekly","Full-Time",515.5,524.2,507.6
"Mean Wage",2015,"Derry City and Strabane","Weekly","Part-Time",178.8,181.9,169.3
"Mean Wage",2015,"Fermanagh and Omagh","Hourly (excluding overtime)","All",11.92,12.05,11.8
"Mean Wage",2015,"Fermanagh and Omagh","Hourly (excluding overtime)","Full-Time",12.56,13,12.26
"Mean Wage",2015,"Fermanagh and Omagh","Hourly (excluding overtime)","Part-Time",9.6,10.19,7.8
"Mean Wage",2015,"Fermanagh and Omagh","Weekly","All",385,344.5,432.3
"Mean Wage",2015,"Fermanagh and Omagh","Weekly","Full-Time",503.4,495.4,509.2
"Mean Wage",2015,"Fermanagh and Omagh","Weekly","Part-Time",181.7,196.4,140.3
"Mean Wage",2015,"Lisburn and Castlereagh","Hourly (excluding overtime)","All",12.08,12.25,11.95
"Mean Wage",2015,"Lisburn and Castlereagh","Hourly (excluding overtime)","Full-Time",12.7,13.36,12.29
"Mean Wage",2015,"Lisburn and Castlereagh","Hourly (excluding overtime)","Part-Time",8.98,9.14,8.6
"Mean Wage",2015,"Lisburn and Castlereagh","Weekly","All",399.1,359.5,436
"Mean Wage",2015,"Lisburn and Castlereagh","Weekly","Full-Time",505.1,495.7,511.5
"Mean Wage",2015,"Lisburn and Castlereagh","Weekly","Part-Time",160.9,171.8,139.7
"Mean Wage",2015,"Mid and East Antrim","Hourly (excluding overtime)","All",12.98,12.1,13.49
"Mean Wage",2015,"Mid and East Antrim","Hourly (excluding overtime)","Full-Time",13.47,12.88,13.74
"Mean Wage",2015,"Mid and East Antrim","Hourly (excluding overtime)","Part-Time",9.95,10.07,9.62
"Mean Wage",2015,"Mid and East Antrim","Weekly","All",449.1,363.6,509
"Mean Wage",2015,"Mid and East Antrim","Weekly","Full-Time",540.6,484.8,566.6
"Mean Wage",2015,"Mid and East Antrim","Weekly","Part-Time",185.4,200.1,153.8
"Mean Wage",2015,"Mid Ulster","Hourly (excluding overtime)","All",12.04,11.78,12.19
"Mean Wage",2015,"Mid Ulster","Hourly (excluding overtime)","Full-Time",12.43,12.55,12.39
"Mean Wage",2015,"Mid Ulster","Hourly (excluding overtime)","Part-Time",9.92,9.88,10.01
"Mean Wage",2015,"Mid Ulster","Weekly","All",407.5,336.1,456.1
"Mean Wage",2015,"Mid Ulster","Weekly","Full-Time",501.6,467.3,517
"Mean Wage",2015,"Mid Ulster","Weekly","Part-Time",176.8,179.1,172.7
"Mean Wage",2015,"Newry, Mourne and Down","Hourly (excluding overtime)","All",12.12,11.76,12.37
"Mean Wage",2015,"Newry, Mourne and Down","Hourly (excluding overtime)","Full-Time",12.57,12.39,12.67
"Mean Wage",2015,"Newry, Mourne and Down","Hourly (excluding overtime)","Part-Time",10.41,10.56,10.09
"Mean Wage",2015,"Newry, Mourne and Down","Weekly","All",390.1,324.6,447.5
"Mean Wage",2015,"Newry, Mourne and Down","Weekly","Full-Time",499.8,456.5,523.8
"Mean Wage",2015,"Newry, Mourne and Down","Weekly","Part-Time",193.4,198.3,183.6
"Mean Wage",2015,"Ards and North Down","Hourly (excluding overtime)","All",11.97,11.78,12.22
"Mean Wage",2015,"Ards and North Down","Hourly (excluding overtime)","Full-Time",12.82,13.02,12.64
"Mean Wage",2015,"Ards and North Down","Hourly (excluding overtime)","Part-Time",9.67,9.7,9.59
"Mean Wage",2015,"Ards and North Down","Weekly","All",351.8,309.4,420.9
"Mean Wage",2015,"Ards and North Down","Weekly","Full-Time",492.2,483.2,500.9
"Mean Wage",2015,"Ards and North Down","Weekly","Part-Time",174.3,171.4,184.5
"Mean Wage",2016,"Northern Ireland","Hourly (excluding overtime)","All",13.81,13.13,14.36
"Mean Wage",2016,"Northern Ireland","Hourly (excluding overtime)","Full-Time",14.5,14.14,14.73
"Mean Wage",2016,"Northern Ireland","Hourly (excluding overtime)","Part-Time",10.44,10.58,10.06
"Mean Wage",2016,"Northern Ireland","Weekly","All",460.6,384.5,535.5
"Mean Wage",2016,"Northern Ireland","Weekly","Full-Time",575.3,530.7,604.6
"Mean Wage",2016,"Northern Ireland","Weekly","Part-Time",195.5,199.9,183.8
"Mean Wage",2016,"Antrim and Newtownabbey","Hourly (excluding overtime)","All",13.83,13.79,13.87
"Mean Wage",2016,"Antrim and Newtownabbey","Hourly (excluding overtime)","Full-Time",14.45,14.82,14.17
"Mean Wage",2016,"Antrim and Newtownabbey","Hourly (excluding overtime)","Part-Time",10.57,10.6,NA
"Mean Wage",2016,"Antrim and Newtownabbey","Weekly","All",469.6,419.5,522.3
"Mean Wage",2016,"Antrim and Newtownabbey","Weekly","Full-Time",566.8,547,582.4
"Mean Wage",2016,"Antrim and Newtownabbey","Weekly","Part-Time",216.9,211.8,228.8
"Mean Wage",2016,"Armagh City, Banbridge and Craigavon","Hourly (excluding overtime)","All",13.18,12.52,13.72
"Mean Wage",2016,"Armagh City, Banbridge and Craigavon","Hourly (excluding overtime)","Full-Time",13.58,13.34,13.73
"Mean Wage",2016,"Armagh City, Banbridge and Craigavon","Hourly (excluding overtime)","Part-Time",11.26,10.65,NA
"Mean Wage",2016,"Armagh City, Banbridge and Craigavon","Weekly","All",446,372.2,519.8
"Mean Wage",2016,"Armagh City, Banbridge and Craigavon","Weekly","Full-Time",540,502.4,564
"Mean Wage",2016,"Armagh City, Banbridge and Craigavon","Weekly","Part-Time",222.8,213.9,NA
"Mean Wage",2016,"Belfast","Hourly (excluding overtime)","All",15.56,14.23,16.62
"Mean Wage",2016,"Belfast","Hourly (excluding overtime)","Full-Time",16.34,15.19,17.09
"Mean Wage",2016,"Belfast","Hourly (excluding overtime)","Part-Time",10.96,11.2,10.28
"Mean Wage",2016,"Belfast","Weekly","All",521.7,433.5,604.6
"Mean Wage",2016,"Belfast","Weekly","Full-Time",632,573.3,671.1
"Mean Wage",2016,"Belfast","Weekly","Part-Time",207.9,214,191.7
"Mean Wage",2016,"Causeway Coast and Glens","Hourly (excluding overtime)","All",11.54,12.17,10.7
"Mean Wage",2016,"Causeway Coast and Glens","Hourly (excluding overtime)","Full-Time",11.92,12.82,11.04
"Mean Wage",2016,"Causeway Coast and Glens","Hourly (excluding overtime)","Part-Time",10.35,10.94,8.07
"Mean Wage",2016,"Causeway Coast and Glens","Weekly","All",361.1,341.6,393.1
"Mean Wage",2016,"Causeway Coast and Glens","Weekly","Full-Time",466.4,469.1,463.6
"Mean Wage",2016,"Causeway Coast and Glens","Weekly","Part-Time",199,212.7,149.7
"Mean Wage",2016,"Derry City and Strabane","Hourly (excluding overtime)","All",12.89,13.32,12.46
"Mean Wage",2016,"Derry City and Strabane","Hourly (excluding overtime)","Full-Time",13.57,14.82,12.58
"Mean Wage",2016,"Derry City and Strabane","Hourly (excluding overtime)","Part-Time",10.24,9.72,11.54
"Mean Wage",2016,"Derry City and Strabane","Weekly","All",399.1,374.7,428.1
"Mean Wage",2016,"Derry City and Strabane","Weekly","Full-Time",515.4,533.2,500.3
"Mean Wage",2016,"Derry City and Strabane","Weekly","Part-Time",186.3,181.6,196.9
"Mean Wage",2016,"Fermanagh and Omagh","Hourly (excluding overtime)","All",12.5,12.29,12.69
"Mean Wage",2016,"Fermanagh and Omagh","Hourly (excluding overtime)","Full-Time",13.21,13.13,13.26
"Mean Wage",2016,"Fermanagh and Omagh","Hourly (excluding overtime)","Part-Time",9.85,10.5,8.16
"Mean Wage",2016,"Fermanagh and Omagh","Weekly","All",391.9,333.1,462.1
"Mean Wage",2016,"Fermanagh and Omagh","Weekly","Full-Time",520.7,488.8,544.6
"Mean Wage",2016,"Fermanagh and Omagh","Weekly","Part-Time",174.8,180.7,158.1
"Mean Wage",2016,"Lisburn and Castlereagh","Hourly (excluding overtime)","All",12.81,12.72,12.88
"Mean Wage",2016,"Lisburn and Castlereagh","Hourly (excluding overtime)","Full-Time",13.54,14.05,13.21
"Mean Wage",2016,"Lisburn and Castlereagh","Hourly (excluding overtime)","Part-Time",9.47,9.68,8.73
"Mean Wage",2016,"Lisburn and Castlereagh","Weekly","All",421.1,366.5,480.1
"Mean Wage",2016,"Lisburn and Castlereagh","Weekly","Full-Time",545.5,539.6,549.6
"Mean Wage",2016,"Lisburn and Castlereagh","Weekly","Part-Time",167.7,177,139.3
"Mean Wage",2016,"Mid and East Antrim","Hourly (excluding overtime)","All",13.19,12.08,13.95
"Mean Wage",2016,"Mid and East Antrim","Hourly (excluding overtime)","Full-Time",13.95,13.13,14.37
"Mean Wage",2016,"Mid and East Antrim","Hourly (excluding overtime)","Part-Time",9.5,9.59,9.29
"Mean Wage",2016,"Mid and East Antrim","Weekly","All",443.8,347.3,522.8
"Mean Wage",2016,"Mid and East Antrim","Weekly","Full-Time",559.2,487.1,597.9
"Mean Wage",2016,"Mid and East Antrim","Weekly","Part-Time",174.5,180.8,160.8
"Mean Wage",2016,"Mid Ulster","Hourly (excluding overtime)","All",12.27,11.76,12.53
"Mean Wage",2016,"Mid Ulster","Hourly (excluding overtime)","Full-Time",12.65,12.43,12.74
"Mean Wage",2016,"Mid Ulster","Hourly (excluding overtime)","Part-Time",10.01,10.2,9.52
"Mean Wage",2016,"Mid Ulster","Weekly","All",425.8,338.3,483.4
"Mean Wage",2016,"Mid Ulster","Weekly","Full-Time",513.3,466.6,532.2
"Mean Wage",2016,"Mid Ulster","Weekly","Part-Time",183.5,190.8,166.9
"Mean Wage",2016,"Newry, Mourne and Down","Hourly (excluding overtime)","All",12.42,12.08,12.68
"Mean Wage",2016,"Newry, Mourne and Down","Hourly (excluding overtime)","Full-Time",12.82,12.58,12.95
"Mean Wage",2016,"Newry, Mourne and Down","Hourly (excluding overtime)","Part-Time",10.73,11.01,10
"Mean Wage",2016,"Newry, Mourne and Down","Weekly","All",410.7,346,471.5
"Mean Wage",2016,"Newry, Mourne and Down","Weekly","Full-Time",517.1,475.2,542.4
"Mean Wage",2016,"Newry, Mourne and Down","Weekly","Part-Time",197.1,206.7,174.6
"Mean Wage",2016,"Ards and North Down","Hourly (excluding overtime)","All",12.32,11.94,12.75
"Mean Wage",2016,"Ards and North Down","Hourly (excluding overtime)","Full-Time",13.26,12.89,13.58
"Mean Wage",2016,"Ards and North Down","Hourly (excluding overtime)","Part-Time",9.86,10.4,8.36
"Mean Wage",2016,"Ards and North Down","Weekly","All",362.7,315,433.2
"Mean Wage",2016,"Ards and North Down","Weekly","Full-Time",519.8,484.4,551.9
"Mean Wage",2016,"Ards and North Down","Weekly","Part-Time",175.9,185.4,148.9
"Mean Wage",2017,"Northern Ireland","Hourly (excluding overtime)","All",14.05,13.49,14.49
"Mean Wage",2017,"Northern Ireland","Hourly (excluding overtime)","Full-Time",14.66,14.41,14.81
"Mean Wage",2017,"Northern Ireland","Hourly (excluding overtime)","Part-Time",10.93,11.1,10.41
"Mean Wage",2017,"Northern Ireland","Weekly","All",473.4,398,546.7
"Mean Wage",2017,"Northern Ireland","Weekly","Full-Time",585.9,547.7,610.3
"Mean Wage",2017,"Northern Ireland","Weekly","Part-Time",202.6,208.2,186.6
"Mean Wage",2017,"Antrim and Newtownabbey","Hourly (excluding overtime)","All",14.23,13.99,14.45
"Mean Wage",2017,"Antrim and Newtownabbey","Hourly (excluding overtime)","Full-Time",14.7,14.74,14.68
"Mean Wage",2017,"Antrim and Newtownabbey","Hourly (excluding overtime)","Part-Time",11.5,11.58,NA
"Mean Wage",2017,"Antrim and Newtownabbey","Weekly","All",486.2,434.8,543.3
"Mean Wage",2017,"Antrim and Newtownabbey","Weekly","Full-Time",578.8,557,596.5
"Mean Wage",2017,"Antrim and Newtownabbey","Weekly","Part-Time",224,229,NA
"Mean Wage",2017,"Armagh City, Banbridge and Craigavon","Hourly (excluding overtime)","All",13.66,13.6,13.71
"Mean Wage",2017,"Armagh City, Banbridge and Craigavon","Hourly (excluding overtime)","Full-Time",13.98,14.6,13.59
"Mean Wage",2017,"Armagh City, Banbridge and Craigavon","Hourly (excluding overtime)","Part-Time",12.14,11.31,NA
"Mean Wage",2017,"Armagh City, Banbridge and Craigavon","Weekly","All",477.5,430.1,523.9
"Mean Wage",2017,"Armagh City, Banbridge and Craigavon","Weekly","Full-Time",580.5,603.5,566.7
"Mean Wage",2017,"Armagh City, Banbridge and Craigavon","Weekly","Part-Time",238.9,234.2,NA
"Mean Wage",2017,"Belfast","Hourly (excluding overtime)","All",15.7,14.4,16.71
"Mean Wage",2017,"Belfast","Hourly (excluding overtime)","Full-Time",16.38,15.2,17.12
"Mean Wage",2017,"Belfast","Hourly (excluding overtime)","Part-Time",11.54,11.81,10.81
"Mean Wage",2017,"Belfast","Weekly","All",531,439.1,615.9
"Mean Wage",2017,"Belfast","Weekly","Full-Time",633.5,572.2,673.5
"Mean Wage",2017,"Belfast","Weekly","Part-Time",220.9,224,212.2
"Mean Wage",2017,"Causeway Coast and Glens","Hourly (excluding overtime)","All",11.55,12.01,11.09
"Mean Wage",2017,"Causeway Coast and Glens","Hourly (excluding overtime)","Full-Time",11.89,12.88,11.16
"Mean Wage",2017,"Causeway Coast and Glens","Hourly (excluding overtime)","Part-Time",10.08,10.11,9.91
"Mean Wage",2017,"Causeway Coast and Glens","Weekly","All",371.6,333.2,421.3
"Mean Wage",2017,"Causeway Coast and Glens","Weekly","Full-Time",474.8,477.3,472.9
"Mean Wage",2017,"Causeway Coast and Glens","Weekly","Part-Time",173.6,182,138.9
"Mean Wage",2017,"Derry City and Strabane","Hourly (excluding overtime)","All",13.59,13.52,13.68
"Mean Wage",2017,"Derry City and Strabane","Hourly (excluding overtime)","Full-Time",14.22,14.39,14.07
"Mean Wage",2017,"Derry City and Strabane","Hourly (excluding overtime)","Part-Time",11.27,11.44,10.85
"Mean Wage",2017,"Derry City and Strabane","Weekly","All",421.3,374.5,483.6
"Mean Wage",2017,"Derry City and Strabane","Weekly","Full-Time",551.3,529.8,571.1
"Mean Wage",2017,"Derry City and Strabane","Weekly","Part-Time",200.2,200.4,199.4
"Mean Wage",2017,"Fermanagh and Omagh","Hourly (excluding overtime)","All",12.97,12.56,13.32
"Mean Wage",2017,"Fermanagh and Omagh","Hourly (excluding overtime)","Full-Time",13.57,13.37,13.7
"Mean Wage",2017,"Fermanagh and Omagh","Hourly (excluding overtime)","Part-Time",10.43,10.79,9.22
"Mean Wage",2017,"Fermanagh and Omagh","Weekly","All",429.9,351.7,520.3
"Mean Wage",2017,"Fermanagh and Omagh","Weekly","Full-Time",550.4,495.1,589.9
"Mean Wage",2017,"Fermanagh and Omagh","Weekly","Part-Time",191.9,198.3,170.4
"Mean Wage",2017,"Lisburn and Castlereagh","Hourly (excluding overtime)","All",13.14,13.48,12.86
"Mean Wage",2017,"Lisburn and Castlereagh","Hourly (excluding overtime)","Full-Time",13.77,14.77,13.13
"Mean Wage",2017,"Lisburn and Castlereagh","Hourly (excluding overtime)","Part-Time",9.81,9.95,9.4
"Mean Wage",2017,"Lisburn and Castlereagh","Weekly","All",439.5,396.5,482
"Mean Wage",2017,"Lisburn and Castlereagh","Weekly","Full-Time",545.1,549.6,542.1
"Mean Wage",2017,"Lisburn and Castlereagh","Weekly","Part-Time",180.6,188.8,158.9
"Mean Wage",2017,"Mid and East Antrim","Hourly (excluding overtime)","All",13.19,12.3,13.76
"Mean Wage",2017,"Mid and East Antrim","Hourly (excluding overtime)","Full-Time",13.87,13.14,14.22
"Mean Wage",2017,"Mid and East Antrim","Hourly (excluding overtime)","Part-Time",9.98,10.49,8.78
"Mean Wage",2017,"Mid and East Antrim","Weekly","All",451.9,354.2,531.2
"Mean Wage",2017,"Mid and East Antrim","Weekly","Full-Time",563.5,496.5,597.4
"Mean Wage",2017,"Mid and East Antrim","Weekly","Part-Time",193.7,198,183.3
"Mean Wage",2017,"Mid Ulster","Hourly (excluding overtime)","All",12.26,12.34,12.22
"Mean Wage",2017,"Mid Ulster","Hourly (excluding overtime)","Full-Time",12.74,13.38,12.51
"Mean Wage",2017,"Mid Ulster","Hourly (excluding overtime)","Part-Time",9.44,10.04,8
"Mean Wage",2017,"Mid Ulster","Weekly","All",428.3,364.9,467.5
"Mean Wage",2017,"Mid Ulster","Weekly","Full-Time",515.8,505.5,519.7
"Mean Wage",2017,"Mid Ulster","Weekly","Part-Time",181.9,201.4,141.5
"Mean Wage",2017,"Newry, Mourne and Down","Hourly (excluding overtime)","All",13.1,12.35,13.67
"Mean Wage",2017,"Newry, Mourne and Down","Hourly (excluding overtime)","Full-Time",13.55,12.73,13.99
"Mean Wage",2017,"Newry, Mourne and Down","Hourly (excluding overtime)","Part-Time",11.19,11.6,9.82
"Mean Wage",2017,"Newry, Mourne and Down","Weekly","All",424.1,342.8,503.6
"Mean Wage",2017,"Newry, Mourne and Down","Weekly","Full-Time",544.9,479.7,582.8
"Mean Wage",2017,"Newry, Mourne and Down","Weekly","Part-Time",195,212.5,146.7
"Mean Wage",2017,"Ards and North Down","Hourly (excluding overtime)","All",12.29,12.67,11.89
"Mean Wage",2017,"Ards and North Down","Hourly (excluding overtime)","Full-Time",12.95,13.78,12.28
"Mean Wage",2017,"Ards and North Down","Hourly (excluding overtime)","Part-Time",10.23,10.58,9.24
"Mean Wage",2017,"Ards and North Down","Weekly","All",366.2,330.8,416.3
"Mean Wage",2017,"Ards and North Down","Weekly","Full-Time",512.1,527,499.6
"Mean Wage",2017,"Ards and North Down","Weekly","Part-Time",170.7,172.6,164.8
"Mean Wage",2018,"Northern Ireland","Hourly (excluding overtime)","All",14.43,13.84,14.89
"Mean Wage",2018,"Northern Ireland","Hourly (excluding overtime)","Full-Time",15.03,14.75,15.2
"Mean Wage",2018,"Northern Ireland","Hourly (excluding overtime)","Part-Time",11.32,11.4,11.08
"Mean Wage",2018,"Northern Ireland","Weekly","All",486.1,411.2,558.6
"Mean Wage",2018,"Northern Ireland","Weekly","Full-Time",597.2,555,625
"Mean Wage",2018,"Northern Ireland","Weekly","Part-Time",211.6,217.1,197.1
"Mean Wage",2018,"Antrim and Newtownabbey","Hourly (excluding overtime)","All",14.43,14.59,14.29
"Mean Wage",2018,"Antrim and Newtownabbey","Hourly (excluding overtime)","Full-Time",14.71,15.35,14.29
"Mean Wage",2018,"Antrim and Newtownabbey","Hourly (excluding overtime)","Part-Time",12.63,12.11,NA
"Mean Wage",2018,"Antrim and Newtownabbey","Weekly","All",501.1,443.9,558.1
"Mean Wage",2018,"Antrim and Newtownabbey","Weekly","Full-Time",585.5,570.6,596.1
"Mean Wage",2018,"Antrim and Newtownabbey","Weekly","Part-Time",242.1,230.3,NA
"Mean Wage",2018,"Armagh City, Banbridge and Craigavon","Hourly (excluding overtime)","All",13.84,13.42,14.17
"Mean Wage",2018,"Armagh City, Banbridge and Craigavon","Hourly (excluding overtime)","Full-Time",14.1,14.08,14.12
"Mean Wage",2018,"Armagh City, Banbridge and Craigavon","Hourly (excluding overtime)","Part-Time",12.57,11.91,NA
"Mean Wage",2018,"Armagh City, Banbridge and Craigavon","Weekly","All",480.2,405.5,552.6
"Mean Wage",2018,"Armagh City, Banbridge and Craigavon","Weekly","Full-Time",571.9,528.9,599.1
"Mean Wage",2018,"Armagh City, Banbridge and Craigavon","Weekly","Part-Time",253.4,248.2,NA
"Mean Wage",2018,"Belfast","Hourly (excluding overtime)","All",16.2,14.97,17.19
"Mean Wage",2018,"Belfast","Hourly (excluding overtime)","Full-Time",16.85,15.62,17.67
"Mean Wage",2018,"Belfast","Hourly (excluding overtime)","Part-Time",12.29,12.73,11.18
"Mean Wage",2018,"Belfast","Weekly","All",540,461.4,612.9
"Mean Wage",2018,"Belfast","Weekly","Full-Time",647.8,589.8,687.7
"Mean Wage",2018,"Belfast","Weekly","Part-Time",227.9,243.3,193.1
"Mean Wage",2018,"Causeway Coast and Glens","Hourly (excluding overtime)","All",12.52,12.62,12.44
"Mean Wage",2018,"Causeway Coast and Glens","Hourly (excluding overtime)","Full-Time",13.07,13.55,12.72
"Mean Wage",2018,"Causeway Coast and Glens","Hourly (excluding overtime)","Part-Time",10.02,10.2,9.51
"Mean Wage",2018,"Causeway Coast and Glens","Weekly","All",419.8,367.9,478.3
"Mean Wage",2018,"Causeway Coast and Glens","Weekly","Full-Time",523,499.3,541.4
"Mean Wage",2018,"Causeway Coast and Glens","Weekly","Part-Time",191,195.7,177.8
"Mean Wage",2018,"Derry City and Strabane","Hourly (excluding overtime)","All",13.29,13.5,13.06
"Mean Wage",2018,"Derry City and Strabane","Hourly (excluding overtime)","Full-Time",14.01,14.77,13.34
"Mean Wage",2018,"Derry City and Strabane","Hourly (excluding overtime)","Part-Time",10.65,10.57,10.88
"Mean Wage",2018,"Derry City and Strabane","Weekly","All",415.8,378.8,466.6
"Mean Wage",2018,"Derry City and Strabane","Weekly","Full-Time",537.5,539,536.1
"Mean Wage",2018,"Derry City and Strabane","Weekly","Part-Time",197.1,194.4,205.3
"Mean Wage",2018,"Fermanagh and Omagh","Hourly (excluding overtime)","All",12.92,12.65,13.18
"Mean Wage",2018,"Fermanagh and Omagh","Hourly (excluding overtime)","Full-Time",13.59,13.48,13.67
"Mean Wage",2018,"Fermanagh and Omagh","Hourly (excluding overtime)","Part-Time",10.58,11.11,8.86
"Mean Wage",2018,"Fermanagh and Omagh","Weekly","All",411.3,346.5,490.1
"Mean Wage",2018,"Fermanagh and Omagh","Weekly","Full-Time",538.1,484.4,579
"Mean Wage",2018,"Fermanagh and Omagh","Weekly","Part-Time",197.1,211.6,154.6
"Mean Wage",2018,"Lisburn and Castlereagh","Hourly (excluding overtime)","All",14.27,14.27,14.26
"Mean Wage",2018,"Lisburn and Castlereagh","Hourly (excluding overtime)","Full-Time",14.87,15.64,14.34
"Mean Wage",2018,"Lisburn and Castlereagh","Hourly (excluding overtime)","Part-Time",11.14,10.43,13.26
"Mean Wage",2018,"Lisburn and Castlereagh","Weekly","All",480,428.2,533.1
"Mean Wage",2018,"Lisburn and Castlereagh","Weekly","Full-Time",593.1,592.7,593.4
"Mean Wage",2018,"Lisburn and Castlereagh","Weekly","Part-Time",204.4,197.6,222.2
"Mean Wage",2018,"Mid and East Antrim","Hourly (excluding overtime)","All",13.6,12.77,14.19
"Mean Wage",2018,"Mid and East Antrim","Hourly (excluding overtime)","Full-Time",14.25,13.68,14.57
"Mean Wage",2018,"Mid and East Antrim","Hourly (excluding overtime)","Part-Time",10.39,10.61,9.79
"Mean Wage",2018,"Mid and East Antrim","Weekly","All",460.5,369,541.1
"Mean Wage",2018,"Mid and East Antrim","Weekly","Full-Time",572.3,512,606.6
"Mean Wage",2018,"Mid and East Antrim","Weekly","Part-Time",198.2,200.1,193.4
"Mean Wage",2018,"Mid Ulster","Hourly (excluding overtime)","All",12.4,12.1,12.56
"Mean Wage",2018,"Mid Ulster","Hourly (excluding overtime)","Full-Time",12.88,13.14,12.78
"Mean Wage",2018,"Mid Ulster","Hourly (excluding overtime)","Part-Time",9.45,9.6,9.07
"Mean Wage",2018,"Mid Ulster","Weekly","All",441.2,359.7,492.4
"Mean Wage",2018,"Mid Ulster","Weekly","Full-Time",530.9,496.1,544.9
"Mean Wage",2018,"Mid Ulster","Weekly","Part-Time",178.1,189.5,154.6
"Mean Wage",2018,"Newry, Mourne and Down","Hourly (excluding overtime)","All",13.71,12.89,14.38
"Mean Wage",2018,"Newry, Mourne and Down","Hourly (excluding overtime)","Full-Time",14.21,13.22,14.82
"Mean Wage",2018,"Newry, Mourne and Down","Hourly (excluding overtime)","Part-Time",11.54,12.17,9.66
"Mean Wage",2018,"Newry, Mourne and Down","Weekly","All",450.7,367.3,535.8
"Mean Wage",2018,"Newry, Mourne and Down","Weekly","Full-Time",574.5,506.1,618
"Mean Wage",2018,"Newry, Mourne and Down","Weekly","Part-Time",206.5,222.2,163.5
"Mean Wage",2018,"Ards and North Down","Hourly (excluding overtime)","All",12.93,12.81,13.07
"Mean Wage",2018,"Ards and North Down","Hourly (excluding overtime)","Full-Time",13.87,14.28,13.51
"Mean Wage",2018,"Ards and North Down","Hourly (excluding overtime)","Part-Time",10.05,10.09,9.92
"Mean Wage",2018,"Ards and North Down","Weekly","All",391.3,349.6,454.2
"Mean Wage",2018,"Ards and North Down","Weekly","Full-Time",541.4,544.3,538.8
"Mean Wage",2018,"Ards and North Down","Weekly","Part-Time",178.6,179.3,176.3
"Mean Wage",2019,"Northern Ireland","Hourly (excluding overtime)","All",14.85,14.14,15.44
"Mean Wage",2019,"Northern Ireland","Hourly (excluding overtime)","Full-Time",15.45,15.07,15.69
"Mean Wage",2019,"Northern Ireland","Hourly (excluding overtime)","Part-Time",11.87,11.79,12.14
"Mean Wage",2019,"Northern Ireland","Weekly","All",497.4,417,579.7
"Mean Wage",2019,"Northern Ireland","Weekly","Full-Time",617.1,572.3,647.1
"Mean Wage",2019,"Northern Ireland","Weekly","Part-Time",219.8,222.9,210.5
"Mean Wage",2019,"Antrim and Newtownabbey","Hourly (excluding overtime)","All",15.24,15.48,15.01
"Mean Wage",2019,"Antrim and Newtownabbey","Hourly (excluding overtime)","Full-Time",15.71,16.59,15.08
"Mean Wage",2019,"Antrim and Newtownabbey","Hourly (excluding overtime)","Part-Time",12.67,12.26,NA
"Mean Wage",2019,"Antrim and Newtownabbey","Weekly","All",503,452.5,559.6
"Mean Wage",2019,"Antrim and Newtownabbey","Weekly","Full-Time",614.5,618.5,611.4
"Mean Wage",2019,"Antrim and Newtownabbey","Weekly","Part-Time",227,220.9,NA
"Mean Wage",2019,"Armagh City, Banbridge and Craigavon","Hourly (excluding overtime)","All",14.36,13.93,14.76
"Mean Wage",2019,"Armagh City, Banbridge and Craigavon","Hourly (excluding overtime)","Full-Time",14.72,14.75,14.69
"Mean Wage",2019,"Armagh City, Banbridge and Craigavon","Hourly (excluding overtime)","Part-Time",12.76,11.97,NA
"Mean Wage",2019,"Armagh City, Banbridge and Craigavon","Weekly","All",478.6,411,558.5
"Mean Wage",2019,"Armagh City, Banbridge and Craigavon","Weekly","Full-Time",592.1,558.9,618
"Mean Wage",2019,"Armagh City, Banbridge and Craigavon","Weekly","Part-Time",242.1,232,NA
"Mean Wage",2019,"Belfast","Hourly (excluding overtime)","All",16.4,14.98,17.58
"Mean Wage",2019,"Belfast","Hourly (excluding overtime)","Full-Time",17.09,15.73,18
"Mean Wage",2019,"Belfast","Hourly (excluding overtime)","Part-Time",12.38,12.66,11.5
"Mean Wage",2019,"Belfast","Weekly","All",552.6,461.2,641.4
"Mean Wage",2019,"Belfast","Weekly","Full-Time",661.8,599.1,704.4
"Mean Wage",2019,"Belfast","Weekly","Part-Time",237.7,246.1,213
"Mean Wage",2019,"Causeway Coast and Glens","Hourly (excluding overtime)","All",12.77,13.49,12.09
"Mean Wage",2019,"Causeway Coast and Glens","Hourly (excluding overtime)","Full-Time",13.22,14.61,12.24
"Mean Wage",2019,"Causeway Coast and Glens","Hourly (excluding overtime)","Part-Time",10.79,10.97,10.05
"Mean Wage",2019,"Causeway Coast and Glens","Weekly","All",422.5,393.1,456.1
"Mean Wage",2019,"Causeway Coast and Glens","Weekly","Full-Time",528.1,539.1,519.9
"Mean Wage",2019,"Causeway Coast and Glens","Weekly","Part-Time",205,222.2,152.9
"Mean Wage",2019,"Derry City and Strabane","Hourly (excluding overtime)","All",13.88,13.61,14.15
"Mean Wage",2019,"Derry City and Strabane","Hourly (excluding overtime)","Full-Time",14.21,14.65,13.87
"Mean Wage",2019,"Derry City and Strabane","Hourly (excluding overtime)","Part-Time",12.66,11.28,16.26
"Mean Wage",2019,"Derry City and Strabane","Weekly","All",422.2,370.5,484.7
"Mean Wage",2019,"Derry City and Strabane","Weekly","Full-Time",548.4,543.7,552.1
"Mean Wage",2019,"Derry City and Strabane","Weekly","Part-Time",214.5,192.6,269.3
"Mean Wage",2019,"Fermanagh and Omagh","Hourly (excluding overtime)","All",14.3,14.54,14.09
"Mean Wage",2019,"Fermanagh and Omagh","Hourly (excluding overtime)","Full-Time",14.95,15.74,14.48
"Mean Wage",2019,"Fermanagh and Omagh","Hourly (excluding overtime)","Part-Time",11.87,12.49,9.29
"Mean Wage",2019,"Fermanagh and Omagh","Weekly","All",470.4,415.7,529.9
"Mean Wage",2019,"Fermanagh and Omagh","Weekly","Full-Time",600.4,584.3,610.7
"Mean Wage",2019,"Fermanagh and Omagh","Weekly","Part-Time",231.5,257.9,146.1
"Mean Wage",2019,"Lisburn and Castlereagh","Hourly (excluding overtime)","All",14.5,14.25,14.7
"Mean Wage",2019,"Lisburn and Castlereagh","Hourly (excluding overtime)","Full-Time",15.17,15.37,15.05
"Mean Wage",2019,"Lisburn and Castlereagh","Hourly (excluding overtime)","Part-Time",11.2,11.48,10.35
"Mean Wage",2019,"Lisburn and Castlereagh","Weekly","All",489.7,419,561.9
"Mean Wage",2019,"Lisburn and Castlereagh","Weekly","Full-Time",613.9,593.6,627.1
"Mean Wage",2019,"Lisburn and Castlereagh","Weekly","Part-Time",207.3,212.5,191.1
"Mean Wage",2019,"Mid and East Antrim","Hourly (excluding overtime)","All",13.96,12.58,15.11
"Mean Wage",2019,"Mid and East Antrim","Hourly (excluding overtime)","Full-Time",14.76,13.66,15.41
"Mean Wage",2019,"Mid and East Antrim","Hourly (excluding overtime)","Part-Time",10.73,10.52,11.55
"Mean Wage",2019,"Mid and East Antrim","Weekly","All",462.3,359.3,567.7
"Mean Wage",2019,"Mid and East Antrim","Weekly","Full-Time",596.9,512.6,649.3
"Mean Wage",2019,"Mid and East Antrim","Weekly","Part-Time",198.4,205.2,178.6
"Mean Wage",2019,"Mid Ulster","Hourly (excluding overtime)","All",12.9,12.2,13.23
"Mean Wage",2019,"Mid Ulster","Hourly (excluding overtime)","Full-Time",13.29,12.81,13.47
"Mean Wage",2019,"Mid Ulster","Hourly (excluding overtime)","Part-Time",10.25,10.42,9.95
"Mean Wage",2019,"Mid Ulster","Weekly","All",465.7,353.5,536.3
"Mean Wage",2019,"Mid Ulster","Weekly","Full-Time",562.5,483,595.9
"Mean Wage",2019,"Mid Ulster","Weekly","Part-Time",183.1,181,187.1
"Mean Wage",2019,"Newry, Mourne and Down","Hourly (excluding overtime)","All",14.32,13.26,15.27
"Mean Wage",2019,"Newry, Mourne and Down","Hourly (excluding overtime)","Full-Time",14.92,13.83,15.65
"Mean Wage",2019,"Newry, Mourne and Down","Hourly (excluding overtime)","Part-Time",11.63,12.01,10.03
"Mean Wage",2019,"Newry, Mourne and Down","Weekly","All",477.8,387.8,581.7
"Mean Wage",2019,"Newry, Mourne and Down","Weekly","Full-Time",607.5,539.8,655.1
"Mean Wage",2019,"Newry, Mourne and Down","Weekly","Part-Time",213,225.2,168
"Mean Wage",2019,"Ards and North Down","Hourly (excluding overtime)","All",13.18,12.86,13.57
"Mean Wage",2019,"Ards and North Down","Hourly (excluding overtime)","Full-Time",13.82,13.95,13.71
"Mean Wage",2019,"Ards and North Down","Hourly (excluding overtime)","Part-Time",11.09,10.68,12.51
"Mean Wage",2019,"Ards and North Down","Weekly","All",401.8,360,464.1
"Mean Wage",2019,"Ards and North Down","Weekly","Full-Time",541.5,530.8,551.9
"Mean Wage",2019,"Ards and North Down","Weekly","Part-Time",198,196.5,202.6
"Mean Wage",2020,"Northern Ireland","Hourly (excluding overtime)","All",14.9,14.52,15.23
"Mean Wage",2020,"Northern Ireland","Hourly (excluding overtime)","Full-Time",15.5,15.48,15.52
"Mean Wage",2020,"Northern Ireland","Hourly (excluding overtime)","Part-Time",11.95,11.97,11.91
"Mean Wage",2020,"Northern Ireland","Weekly","All",496.3,433.5,560.9
"Mean Wage",2020,"Northern Ireland","Weekly","Full-Time",608.6,582.3,627.1
"Mean Wage",2020,"Northern Ireland","Weekly","Part-Time",230.1,232.8,222.8
"Mean Wage",2020,"Antrim and Newtownabbey","Hourly (excluding overtime)","All",14.75,15.62,13.93
"Mean Wage",2020,"Antrim and Newtownabbey","Hourly (excluding overtime)","Full-Time",15.22,17.23,13.8
"Mean Wage",2020,"Antrim and Newtownabbey","Hourly (excluding overtime)","Part-Time",12.64,11.91,NA
"Mean Wage",2020,"Antrim and Newtownabbey","Weekly","All",480.7,454.2,511.5
"Mean Wage",2020,"Antrim and Newtownabbey","Weekly","Full-Time",597.6,640.6,565.1
"Mean Wage",2020,"Antrim and Newtownabbey","Weekly","Part-Time",235.4,234.5,NA
"Mean Wage",2020,"Armagh City, Banbridge and Craigavon","Hourly (excluding overtime)","All",14.88,14.68,15.05
"Mean Wage",2020,"Armagh City, Banbridge and Craigavon","Hourly (excluding overtime)","Full-Time",15.2,15.47,15.03
"Mean Wage",2020,"Armagh City, Banbridge and Craigavon","Hourly (excluding overtime)","Part-Time",13.4,12.79,NA
"Mean Wage",2020,"Armagh City, Banbridge and Craigavon","Weekly","All",495.9,440.6,552.5
"Mean Wage",2020,"Armagh City, Banbridge and Craigavon","Weekly","Full-Time",593.4,582.8,600.5
"Mean Wage",2020,"Armagh City, Banbridge and Craigavon","Weekly","Part-Time",267.8,260.8,NA
"Mean Wage",2020,"Belfast","Hourly (excluding overtime)","All",16.85,15.57,18
"Mean Wage",2020,"Belfast","Hourly (excluding overtime)","Full-Time",17.55,16.42,18.38
"Mean Wage",2020,"Belfast","Hourly (excluding overtime)","Part-Time",12.65,12.6,12.79
"Mean Wage",2020,"Belfast","Weekly","All",569.1,485,656.7
"Mean Wage",2020,"Belfast","Weekly","Full-Time",675.4,620.3,717.5
"Mean Wage",2020,"Belfast","Weekly","Part-Time",248.5,246.4,254.6
"Mean Wage",2020,"Causeway Coast and Glens","Hourly (excluding overtime)","All",12.81,13.38,12.23
"Mean Wage",2020,"Causeway Coast and Glens","Hourly (excluding overtime)","Full-Time",13.21,14.24,12.47
"Mean Wage",2020,"Causeway Coast and Glens","Hourly (excluding overtime)","Part-Time",11.19,11.62,9.21
"Mean Wage",2020,"Causeway Coast and Glens","Weekly","All",423.8,395.8,458.7
"Mean Wage",2020,"Causeway Coast and Glens","Weekly","Full-Time",511.4,527,499.3
"Mean Wage",2020,"Causeway Coast and Glens","Weekly","Part-Time",238.3,246.8,202
"Mean Wage",2020,"Derry City and Strabane","Hourly (excluding overtime)","All",14.36,14.3,14.4
"Mean Wage",2020,"Derry City and Strabane","Hourly (excluding overtime)","Full-Time",15.06,15.39,14.82
"Mean Wage",2020,"Derry City and Strabane","Hourly (excluding overtime)","Part-Time",11.82,11.75,11.96
"Mean Wage",2020,"Derry City and Strabane","Weekly","All",439.3,386.1,498.7
"Mean Wage",2020,"Derry City and Strabane","Weekly","Full-Time",577.1,561.2,589.6
"Mean Wage",2020,"Derry City and Strabane","Weekly","Part-Time",213.3,197.9,244.7
"Mean Wage",2020,"Fermanagh and Omagh","Hourly (excluding overtime)","All",13.77,13.76,13.77
"Mean Wage",2020,"Fermanagh and Omagh","Hourly (excluding overtime)","Full-Time",14.35,14.83,14.05
"Mean Wage",2020,"Fermanagh and Omagh","Hourly (excluding overtime)","Part-Time",11.75,12.05,10.22
"Mean Wage",2020,"Fermanagh and Omagh","Weekly","All",449.7,390.4,521.2
"Mean Wage",2020,"Fermanagh and Omagh","Weekly","Full-Time",569.7,535.8,593.3
"Mean Wage",2020,"Fermanagh and Omagh","Weekly","Part-Time",237.2,256.6,165.1
"Mean Wage",2020,"Lisburn and Castlereagh","Hourly (excluding overtime)","All",13.78,14.2,13.4
"Mean Wage",2020,"Lisburn and Castlereagh","Hourly (excluding overtime)","Full-Time",14.27,15.13,13.65
"Mean Wage",2020,"Lisburn and Castlereagh","Hourly (excluding overtime)","Part-Time",11.57,11.73,11.2
"Mean Wage",2020,"Lisburn and Castlereagh","Weekly","All",452.3,417.4,490.5
"Mean Wage",2020,"Lisburn and Castlereagh","Weekly","Full-Time",563.4,576.7,553.4
"Mean Wage",2020,"Lisburn and Castlereagh","Weekly","Part-Time",216,214,220.9
"Mean Wage",2020,"Mid and East Antrim","Hourly (excluding overtime)","All",13.72,12.9,14.38
"Mean Wage",2020,"Mid and East Antrim","Hourly (excluding overtime)","Full-Time",14.22,13.66,14.56
"Mean Wage",2020,"Mid and East Antrim","Hourly (excluding overtime)","Part-Time",11.16,10.99,11.78
"Mean Wage",2020,"Mid and East Antrim","Weekly","All",456,380,529.5
"Mean Wage",2020,"Mid and East Antrim","Weekly","Full-Time",566.6,510.3,603.5
"Mean Wage",2020,"Mid and East Antrim","Weekly","Part-Time",198.3,211.6,165
"Mean Wage",2020,"Mid Ulster","Hourly (excluding overtime)","All",12.6,12.85,12.48
"Mean Wage",2020,"Mid Ulster","Hourly (excluding overtime)","Full-Time",13.1,13.82,12.8
"Mean Wage",2020,"Mid Ulster","Hourly (excluding overtime)","Part-Time",9.83,10.32,8.99
"Mean Wage",2020,"Mid Ulster","Weekly","All",424.1,374.5,456.1
"Mean Wage",2020,"Mid Ulster","Weekly","Full-Time",521.8,520,522.6
"Mean Wage",2020,"Mid Ulster","Weekly","Part-Time",177.9,188.7,161.2
"Mean Wage",2020,"Newry, Mourne and Down","Hourly (excluding overtime)","All",13.78,13.54,14.01
"Mean Wage",2020,"Newry, Mourne and Down","Hourly (excluding overtime)","Full-Time",14.21,14.05,14.32
"Mean Wage",2020,"Newry, Mourne and Down","Hourly (excluding overtime)","Part-Time",11.85,12.22,10.75
"Mean Wage",2020,"Newry, Mourne and Down","Weekly","All",459.7,410.8,514.3
"Mean Wage",2020,"Newry, Mourne and Down","Weekly","Full-Time",564.6,536.5,586.7
"Mean Wage",2020,"Newry, Mourne and Down","Weekly","Part-Time",226.9,240.7,191.3
"Mean Wage",2020,"Ards and North Down","Hourly (excluding overtime)","All",13.18,13,13.36
"Mean Wage",2020,"Ards and North Down","Hourly (excluding overtime)","Full-Time",14.02,14.1,13.97
"Mean Wage",2020,"Ards and North Down","Hourly (excluding overtime)","Part-Time",10.4,10.66,9.83
"Mean Wage",2020,"Ards and North Down","Weekly","All",420.1,374,477.5
"Mean Wage",2020,"Ards and North Down","Weekly","Full-Time",554.2,532.3,573.2
"Mean Wage",2020,"Ards and North Down","Weekly","Part-Time",202.5,203.4,200.4
"Mean Wage",2021,"Northern Ireland","Hourly (excluding overtime)","All",15.99,15.48,16.43
"Mean Wage",2021,"Northern Ireland","Hourly (excluding overtime)","Full-Time",16.62,16.4,16.76
"Mean Wage",2021,"Northern Ireland","Hourly (excluding overtime)","Part-Time",12.82,12.96,12.37
"Mean Wage",2021,"Northern Ireland","Weekly","All",532.2,461.6,605.6
"Mean Wage",2021,"Northern Ireland","Weekly","Full-Time",650.9,615.7,676.1
"Mean Wage",2021,"Northern Ireland","Weekly","Part-Time",240.4,248.1,218.4
"Mean Wage",2021,"Antrim and Newtownabbey","Hourly (excluding overtime)","All",15.93,16.32,15.58
"Mean Wage",2021,"Antrim and Newtownabbey","Hourly (excluding overtime)","Full-Time",16.56,17.64,15.79
"Mean Wage",2021,"Antrim and Newtownabbey","Hourly (excluding overtime)","Part-Time",12.77,12.78,NA
"Mean Wage",2021,"Antrim and Newtownabbey","Weekly","All",525.4,473.6,583
"Mean Wage",2021,"Antrim and Newtownabbey","Weekly","Full-Time",646.3,647.7,645.2
"Mean Wage",2021,"Antrim and Newtownabbey","Weekly","Part-Time",236.3,240.3,NA
"Mean Wage",2021,"Armagh City, Banbridge and Craigavon","Hourly (excluding overtime)","All",16.03,15.91,16.14
"Mean Wage",2021,"Armagh City, Banbridge and Craigavon","Hourly (excluding overtime)","Full-Time",16.56,16.87,16.33
"Mean Wage",2021,"Armagh City, Banbridge and Craigavon","Hourly (excluding overtime)","Part-Time",13.8,13.62,NA
"Mean Wage",2021,"Armagh City, Banbridge and Craigavon","Weekly","All",522.8,471.6,581.1
"Mean Wage",2021,"Armagh City, Banbridge and Craigavon","Weekly","Full-Time",647.4,636.2,656.1
"Mean Wage",2021,"Armagh City, Banbridge and Craigavon","Weekly","Part-Time",266.1,267.7,NA
"Mean Wage",2021,"Belfast","Hourly (excluding overtime)","All",17.63,16.58,18.53
"Mean Wage",2021,"Belfast","Hourly (excluding overtime)","Full-Time",18.19,17.21,18.89
"Mean Wage",2021,"Belfast","Hourly (excluding overtime)","Part-Time",13.85,14.2,12.78
"Mean Wage",2021,"Belfast","Weekly","All",601.2,525.4,675.5
"Mean Wage",2021,"Belfast","Weekly","Full-Time",697.6,649.2,733.2
"Mean Wage",2021,"Belfast","Weekly","Part-Time",270.2,281.7,237.3
"Mean Wage",2021,"Causeway Coast and Glens","Hourly (excluding overtime)","All",13.62,13.66,13.58
"Mean Wage",2021,"Causeway Coast and Glens","Hourly (excluding overtime)","Full-Time",14.2,14.88,13.73
"Mean Wage",2021,"Causeway Coast and Glens","Hourly (excluding overtime)","Part-Time",11.32,11.17,11.9
"Mean Wage",2021,"Causeway Coast and Glens","Weekly","All",429.9,372.9,501.8
"Mean Wage",2021,"Causeway Coast and Glens","Weekly","Full-Time",551.8,544.3,557.5
"Mean Wage",2021,"Causeway Coast and Glens","Weekly","Part-Time",205.7,201.3,222.3
"Mean Wage",2021,"Derry City and Strabane","Hourly (excluding overtime)","All",15.01,15.23,14.8
"Mean Wage",2021,"Derry City and Strabane","Hourly (excluding overtime)","Full-Time",15.72,16.61,15.06
"Mean Wage",2021,"Derry City and Strabane","Hourly (excluding overtime)","Part-Time",12.09,11.89,12.61
"Mean Wage",2021,"Derry City and Strabane","Weekly","All",467.9,429.4,512.5
"Mean Wage",2021,"Derry City and Strabane","Weekly","Full-Time",594.4,606.8,584.5
"Mean Wage",2021,"Derry City and Strabane","Weekly","Part-Time",219.7,215.5,230.7
"Mean Wage",2021,"Fermanagh and Omagh","Hourly (excluding overtime)","All",14.97,14.26,15.67
"Mean Wage",2021,"Fermanagh and Omagh","Hourly (excluding overtime)","Full-Time",15.56,14.67,16.19
"Mean Wage",2021,"Fermanagh and Omagh","Hourly (excluding overtime)","Part-Time",12.69,13.41,9.89
"Mean Wage",2021,"Fermanagh and Omagh","Weekly","All",473.3,398.9,564.7
"Mean Wage",2021,"Fermanagh and Omagh","Weekly","Full-Time",616.4,548.3,669.2
"Mean Wage",2021,"Fermanagh and Omagh","Weekly","Part-Time",221.3,246.4,144.9
"Mean Wage",2021,"Lisburn and Castlereagh","Hourly (excluding overtime)","All",16.21,15.72,16.63
"Mean Wage",2021,"Lisburn and Castlereagh","Hourly (excluding overtime)","Full-Time",16.71,16.32,16.96
"Mean Wage",2021,"Lisburn and Castlereagh","Hourly (excluding overtime)","Part-Time",13.62,14.17,11.51
"Mean Wage",2021,"Lisburn and Castlereagh","Weekly","All",547.4,466.5,630.5
"Mean Wage",2021,"Lisburn and Castlereagh","Weekly","Full-Time",661,613.1,693.1
"Mean Wage",2021,"Lisburn and Castlereagh","Weekly","Part-Time",257.8,273,205.4
"Mean Wage",2021,"Mid and East Antrim","Hourly (excluding overtime)","All",14.49,13.53,15.38
"Mean Wage",2021,"Mid and East Antrim","Hourly (excluding overtime)","Full-Time",15.16,14.58,15.55
"Mean Wage",2021,"Mid and East Antrim","Hourly (excluding overtime)","Part-Time",12.03,11.59,13.67
"Mean Wage",2021,"Mid and East Antrim","Weekly","All",463.8,380.6,560.4
"Mean Wage",2021,"Mid and East Antrim","Weekly","Full-Time",602.4,540.7,646.2
"Mean Wage",2021,"Mid and East Antrim","Weekly","Part-Time",222.2,225.7,211.7
"Mean Wage",2021,"Mid Ulster","Hourly (excluding overtime)","All",14.12,13.8,14.29
"Mean Wage",2021,"Mid Ulster","Hourly (excluding overtime)","Full-Time",14.56,14.66,14.52
"Mean Wage",2021,"Mid Ulster","Hourly (excluding overtime)","Part-Time",11.04,11.39,10.13
"Mean Wage",2021,"Mid Ulster","Weekly","All",496.2,408.3,553
"Mean Wage",2021,"Mid Ulster","Weekly","Full-Time",595.6,546.9,616.9
"Mean Wage",2021,"Mid Ulster","Weekly","Part-Time",192.6,213.1,152.6
"Mean Wage",2021,"Newry, Mourne and Down","Hourly (excluding overtime)","All",14.65,14.37,14.93
"Mean Wage",2021,"Newry, Mourne and Down","Hourly (excluding overtime)","Full-Time",15.21,15.1,15.3
"Mean Wage",2021,"Newry, Mourne and Down","Hourly (excluding overtime)","Part-Time",12.3,12.37,12.12
"Mean Wage",2021,"Newry, Mourne and Down","Weekly","All",482,435.6,536.3
"Mean Wage",2021,"Newry, Mourne and Down","Weekly","Full-Time",599.2,571,624.2
"Mean Wage",2021,"Newry, Mourne and Down","Weekly","Part-Time",237.8,241.9,228.8
"Mean Wage",2021,"Ards and North Down","Hourly (excluding overtime)","All",14.25,14.06,14.44
"Mean Wage",2021,"Ards and North Down","Hourly (excluding overtime)","Full-Time",15.06,15.32,14.86
"Mean Wage",2021,"Ards and North Down","Hourly (excluding overtime)","Part-Time",11.66,11.87,10.95
"Mean Wage",2021,"Ards and North Down","Weekly","All",440.6,386.9,512.1
"Mean Wage",2021,"Ards and North Down","Weekly","Full-Time",590.2,579.8,598.2
"Mean Wage",2021,"Ards and North Down","Weekly","Part-Time",216.6,223.1,194.7
"Mean Wage",2022,"Northern Ireland","Hourly (excluding overtime)","All",17.06,16.45,17.57
"Mean Wage",2022,"Northern Ireland","Hourly (excluding overtime)","Full-Time",17.66,17.37,17.85
"Mean Wage",2022,"Northern Ireland","Hourly (excluding overtime)","Part-Time",13.81,13.84,13.7
"Mean Wage",2022,"Northern Ireland","Weekly","All",571.4,490.8,653
"Mean Wage",2022,"Northern Ireland","Weekly","Full-Time",693.3,652.2,721.8
"Mean Wage",2022,"Northern Ireland","Weekly","Part-Time",254.9,261.9,234.1
"Mean Wage",2022,"Antrim and Newtownabbey","Hourly (excluding overtime)","All",17.08,16.66,17.55
"Mean Wage",2022,"Antrim and Newtownabbey","Hourly (excluding overtime)","Full-Time",17.57,17.52,17.62
"Mean Wage",2022,"Antrim and Newtownabbey","Hourly (excluding overtime)","Part-Time",14.32,13.83,NA
"Mean Wage",2022,"Antrim and Newtownabbey","Weekly","All",566.1,499.7,656.7
"Mean Wage",2022,"Antrim and Newtownabbey","Weekly","Full-Time",688.7,662.2,713.9
"Mean Wage",2022,"Antrim and Newtownabbey","Weekly","Part-Time",254.4,249.1,NA
"Mean Wage",2022,"Armagh City, Banbridge and Craigavon","Hourly (excluding overtime)","All",16.84,16.3,17.36
"Mean Wage",2022,"Armagh City, Banbridge and Craigavon","Hourly (excluding overtime)","Full-Time",17.34,17.07,17.54
"Mean Wage",2022,"Armagh City, Banbridge and Craigavon","Hourly (excluding overtime)","Part-Time",14.51,14.43,NA
"Mean Wage",2022,"Armagh City, Banbridge and Craigavon","Weekly","All",557.1,476.8,654.9
"Mean Wage",2022,"Armagh City, Banbridge and Craigavon","Weekly","Full-Time",681.9,631.6,721.5
"Mean Wage",2022,"Armagh City, Banbridge and Craigavon","Weekly","Part-Time",278.5,284.4,255.8
"Mean Wage",2022,"Belfast","Hourly (excluding overtime)","All",18.82,17.61,19.81
"Mean Wage",2022,"Belfast","Hourly (excluding overtime)","Full-Time",19.3,18.09,20.13
"Mean Wage",2022,"Belfast","Hourly (excluding overtime)","Part-Time",15.49,15.85,14.31
"Mean Wage",2022,"Belfast","Weekly","All",639.7,554.7,719.6
"Mean Wage",2022,"Belfast","Weekly","Full-Time",745.1,685.3,787
"Mean Wage",2022,"Belfast","Weekly","Part-Time",287.7,308.1,233.2
"Mean Wage",2022,"Causeway Coast and Glens","Hourly (excluding overtime)","All",14.79,14.79,14.79
"Mean Wage",2022,"Causeway Coast and Glens","Hourly (excluding overtime)","Full-Time",15.44,16.02,15.02
"Mean Wage",2022,"Causeway Coast and Glens","Hourly (excluding overtime)","Part-Time",11.97,12.14,11.13
"Mean Wage",2022,"Causeway Coast and Glens","Weekly","All",493.2,435.2,563.8
"Mean Wage",2022,"Causeway Coast and Glens","Weekly","Full-Time",606.5,585.4,622.9
"Mean Wage",2022,"Causeway Coast and Glens","Weekly","Part-Time",240.1,251.7,194.1
"Mean Wage",2022,"Derry City and Strabane","Hourly (excluding overtime)","All",16.02,16.08,15.98
"Mean Wage",2022,"Derry City and Strabane","Hourly (excluding overtime)","Full-Time",16.71,17.45,16.19
"Mean Wage",2022,"Derry City and Strabane","Hourly (excluding overtime)","Part-Time",12.77,12.4,13.8
"Mean Wage",2022,"Derry City and Strabane","Weekly","All",505,456.4,557.8
"Mean Wage",2022,"Derry City and Strabane","Weekly","Full-Time",636.4,637.8,635.2
"Mean Wage",2022,"Derry City and Strabane","Weekly","Part-Time",222.1,221,224.8
"Mean Wage",2022,"Fermanagh and Omagh","Hourly (excluding overtime)","All",16.53,16.61,16.46
"Mean Wage",2022,"Fermanagh and Omagh","Hourly (excluding overtime)","Full-Time",17.47,18.34,16.89
"Mean Wage",2022,"Fermanagh and Omagh","Hourly (excluding overtime)","Part-Time",12.76,13.1,11.43
"Mean Wage",2022,"Fermanagh and Omagh","Weekly","All",531.8,473.2,599.2
"Mean Wage",2022,"Fermanagh and Omagh","Weekly","Full-Time",681.7,673.2,687.9
"Mean Wage",2022,"Fermanagh and Omagh","Weekly","Part-Time",241.1,259,184.6
"Mean Wage",2022,"Lisburn and Castlereagh","Hourly (excluding overtime)","All",16.98,16.52,17.37
"Mean Wage",2022,"Lisburn and Castlereagh","Hourly (excluding overtime)","Full-Time",17.65,17.43,17.81
"Mean Wage",2022,"Lisburn and Castlereagh","Hourly (excluding overtime)","Part-Time",13.5,13.78,12.85
"Mean Wage",2022,"Lisburn and Castlereagh","Weekly","All",553.5,483,626.5
"Mean Wage",2022,"Lisburn and Castlereagh","Weekly","Full-Time",688.6,654.5,713.8
"Mean Wage",2022,"Lisburn and Castlereagh","Weekly","Part-Time",238.3,241.1,231.5
"Mean Wage",2022,"Mid and East Antrim","Hourly (excluding overtime)","All",15.2,15,15.39
"Mean Wage",2022,"Mid and East Antrim","Hourly (excluding overtime)","Full-Time",15.67,15.83,15.55
"Mean Wage",2022,"Mid and East Antrim","Hourly (excluding overtime)","Part-Time",13.23,13.05,13.8
"Mean Wage",2022,"Mid and East Antrim","Weekly","All",494.4,424.9,578.3
"Mean Wage",2022,"Mid and East Antrim","Weekly","Full-Time",622.6,594,644.9
"Mean Wage",2022,"Mid and East Antrim","Weekly","Part-Time",239.9,233.4,261.1
"Mean Wage",2022,"Mid Ulster","Hourly (excluding overtime)","All",14.96,14.57,15.15
"Mean Wage",2022,"Mid Ulster","Hourly (excluding overtime)","Full-Time",15.45,15.64,15.38
"Mean Wage",2022,"Mid Ulster","Hourly (excluding overtime)","Part-Time",11.51,11.68,11.11
"Mean Wage",2022,"Mid Ulster","Weekly","All",533.6,435.4,593.5
"Mean Wage",2022,"Mid Ulster","Weekly","Full-Time",636.3,595.5,652.7
"Mean Wage",2022,"Mid Ulster","Weekly","Part-Time",207.6,220.9,180
"Mean Wage",2022,"Newry, Mourne and Down","Hourly (excluding overtime)","All",16.61,15.87,17.23
"Mean Wage",2022,"Newry, Mourne and Down","Hourly (excluding overtime)","Full-Time",17.12,16.84,17.31
"Mean Wage",2022,"Newry, Mourne and Down","Hourly (excluding overtime)","Part-Time",14.23,13.48,NA
"Mean Wage",2022,"Newry, Mourne and Down","Weekly","All",545,458.4,635.3
"Mean Wage",2022,"Newry, Mourne and Down","Weekly","Full-Time",670.9,627.3,700.9
"Mean Wage",2022,"Newry, Mourne and Down","Weekly","Part-Time",263.2,249.7,NA
"Mean Wage",2022,"Ards and North Down","Hourly (excluding overtime)","All",14.42,14.72,14.14
"Mean Wage",2022,"Ards and North Down","Hourly (excluding overtime)","Full-Time",15.14,16.12,14.48
"Mean Wage",2022,"Ards and North Down","Hourly (excluding overtime)","Part-Time",12.17,12.4,11.38
"Mean Wage",2022,"Ards and North Down","Weekly","All",441,397.5,497.1
"Mean Wage",2022,"Ards and North Down","Weekly","Full-Time",587.3,610.1,570.8
"Mean Wage",2022,"Ards and North Down","Weekly","Part-Time",225.6,229,213.9
"Mean Wage",2023,"Northern Ireland","Hourly (excluding overtime)","All",18.12,17.22,18.9
"Mean Wage",2023,"Northern Ireland","Hourly (excluding overtime)","Full-Time",18.84,18.24,19.25
"Mean Wage",2023,"Northern Ireland","Hourly (excluding overtime)","Part-Time",14.49,14.36,14.86
"Mean Wage",2023,"Northern Ireland","Weekly","All",598.7,514.5,686
"Mean Wage",2023,"Northern Ireland","Weekly","Full-Time",738.3,688.6,774.5
"Mean Wage",2023,"Northern Ireland","Weekly","Part-Time",265.8,270.6,253.8
"Mean Wage",2023,"Antrim and Newtownabbey","Hourly (excluding overtime)","All",18.76,17.33,20.03
"Mean Wage",2023,"Antrim and Newtownabbey","Hourly (excluding overtime)","Full-Time",19.6,18.46,20.42
"Mean Wage",2023,"Antrim and Newtownabbey","Hourly (excluding overtime)","Part-Time",14.41,14.12,NA
"Mean Wage",2023,"Antrim and Newtownabbey","Weekly","All",635.6,513.5,776
"Mean Wage",2023,"Antrim and Newtownabbey","Weekly","Full-Time",784.9,707.7,843.5
"Mean Wage",2023,"Antrim and Newtownabbey","Weekly","Part-Time",272.7,254.9,NA
"Mean Wage",2023,"Armagh City, Banbridge and Craigavon","Hourly (excluding overtime)","All",18.1,17.54,18.62
"Mean Wage",2023,"Armagh City, Banbridge and Craigavon","Hourly (excluding overtime)","Full-Time",18.62,18.68,18.58
"Mean Wage",2023,"Armagh City, Banbridge and Craigavon","Hourly (excluding overtime)","Part-Time",15.9,15.15,NA
"Mean Wage",2023,"Armagh City, Banbridge and Craigavon","Weekly","All",580.9,505,667.7
"Mean Wage",2023,"Armagh City, Banbridge and Craigavon","Weekly","Full-Time",721.8,697.6,738.8
"Mean Wage",2023,"Armagh City, Banbridge and Craigavon","Weekly","Part-Time",296.2,297.7,NA
"Mean Wage",2023,"Belfast","Hourly (excluding overtime)","All",20.39,18.71,21.88
"Mean Wage",2023,"Belfast","Hourly (excluding overtime)","Full-Time",21.08,19.58,22.25
"Mean Wage",2023,"Belfast","Hourly (excluding overtime)","Part-Time",15.77,15.18,17.2
"Mean Wage",2023,"Belfast","Weekly","All",687.4,592.2,782.5
"Mean Wage",2023,"Belfast","Weekly","Full-Time",811.2,740.4,867
"Mean Wage",2023,"Belfast","Weekly","Part-Time",295,290.7,304.5
"Mean Wage",2023,"Causeway Coast and Glens","Hourly (excluding overtime)","All",15.36,15.52,15.2
"Mean Wage",2023,"Causeway Coast and Glens","Hourly (excluding overtime)","Full-Time",16.07,16.56,15.62
"Mean Wage",2023,"Causeway Coast and Glens","Hourly (excluding overtime)","Part-Time",12.37,12.59,11.81
"Mean Wage",2023,"Causeway Coast and Glens","Weekly","All",498.5,468.4,535.8
"Mean Wage",2023,"Causeway Coast and Glens","Weekly","Full-Time",614.6,603.4,625.3
"Mean Wage",2023,"Causeway Coast and Glens","Weekly","Part-Time",244.9,257,218.5
"Mean Wage",2023,"Derry City and Strabane","Hourly (excluding overtime)","All",16.93,16.11,17.63
"Mean Wage",2023,"Derry City and Strabane","Hourly (excluding overtime)","Full-Time",17.72,17.35,17.98
"Mean Wage",2023,"Derry City and Strabane","Hourly (excluding overtime)","Part-Time",13.62,13,14.94
"Mean Wage",2023,"Derry City and Strabane","Weekly","All",530.3,452.9,610
"Mean Wage",2023,"Derry City and Strabane","Weekly","Full-Time",684.5,636.6,719.6
"Mean Wage",2023,"Derry City and Strabane","Weekly","Part-Time",238,231.9,250.3
"Mean Wage",2023,"Fermanagh and Omagh","Hourly (excluding overtime)","All",17.26,17.34,17.18
"Mean Wage",2023,"Fermanagh and Omagh","Hourly (excluding overtime)","Full-Time",18.2,19,17.67
"Mean Wage",2023,"Fermanagh and Omagh","Hourly (excluding overtime)","Part-Time",13.74,14.19,12.11
"Mean Wage",2023,"Fermanagh and Omagh","Weekly","All",544,493.2,601.5
"Mean Wage",2023,"Fermanagh and Omagh","Weekly","Full-Time",708.8,714.5,704.8
"Mean Wage",2023,"Fermanagh and Omagh","Weekly","Part-Time",254.5,276.7,191.6
"Mean Wage",2023,"Lisburn and Castlereagh","Hourly (excluding overtime)","All",16.95,16.64,17.23
"Mean Wage",2023,"Lisburn and Castlereagh","Hourly (excluding overtime)","Full-Time",17.52,17.28,17.69
"Mean Wage",2023,"Lisburn and Castlereagh","Hourly (excluding overtime)","Part-Time",14.35,14.97,12.63
"Mean Wage",2023,"Lisburn and Castlereagh","Weekly","All",549.9,482.2,624.7
"Mean Wage",2023,"Lisburn and Castlereagh","Weekly","Full-Time",694,662,717.8
"Mean Wage",2023,"Lisburn and Castlereagh","Weekly","Part-Time",253.7,265.9,221.3
"Mean Wage",2023,"Mid and East Antrim","Hourly (excluding overtime)","All",16.41,15.75,16.96
"Mean Wage",2023,"Mid and East Antrim","Hourly (excluding overtime)","Full-Time",16.75,16.24,17.09
"Mean Wage",2023,"Mid and East Antrim","Hourly (excluding overtime)","Part-Time",14.87,14.56,15.7
"Mean Wage",2023,"Mid and East Antrim","Weekly","All",535.7,453.1,619.7
"Mean Wage",2023,"Mid and East Antrim","Weekly","Full-Time",674,614.5,715
"Mean Wage",2023,"Mid and East Antrim","Weekly","Part-Time",256.3,262.4,242.2
"Mean Wage",2023,"Mid Ulster","Hourly (excluding overtime)","All",15.74,14.84,16.27
"Mean Wage",2023,"Mid Ulster","Hourly (excluding overtime)","Full-Time",16.28,15.51,16.62
"Mean Wage",2023,"Mid Ulster","Hourly (excluding overtime)","Part-Time",12.67,13.11,11.67
"Mean Wage",2023,"Mid Ulster","Weekly","All",550.1,450.4,620.5
"Mean Wage",2023,"Mid Ulster","Weekly","Full-Time",668.5,602.3,699.9
"Mean Wage",2023,"Mid Ulster","Weekly","Part-Time",233.5,252.4,196.9
"Mean Wage",2023,"Newry, Mourne and Down","Hourly (excluding overtime)","All",16.12,16.17,16.06
"Mean Wage",2023,"Newry, Mourne and Down","Hourly (excluding overtime)","Full-Time",16.62,16.91,16.42
"Mean Wage",2023,"Newry, Mourne and Down","Hourly (excluding overtime)","Part-Time",14.08,14.61,12.25
"Mean Wage",2023,"Newry, Mourne and Down","Weekly","All",515.1,469.6,566.6
"Mean Wage",2023,"Newry, Mourne and Down","Weekly","Full-Time",648.4,638.8,655.3
"Mean Wage",2023,"Newry, Mourne and Down","Weekly","Part-Time",260.6,284.6,192.7
"Mean Wage",2023,"Ards and North Down","Hourly (excluding overtime)","All",16,15.62,16.47
"Mean Wage",2023,"Ards and North Down","Hourly (excluding overtime)","Full-Time",16.9,16.78,17
"Mean Wage",2023,"Ards and North Down","Hourly (excluding overtime)","Part-Time",12.9,13.13,12.12
"Mean Wage",2023,"Ards and North Down","Weekly","All",480.3,426.2,560.3
"Mean Wage",2023,"Ards and North Down","Weekly","Full-Time",647.3,628.5,665.1
"Mean Wage",2023,"Ards and North Down","Weekly","Part-Time",221.7,227.7,201.6
"Mean Wage",2024,"Northern Ireland","Hourly (excluding overtime)","All",18.91,17.97,19.75
"Mean Wage",2024,"Northern Ireland","Hourly (excluding overtime)","Full-Time",19.57,18.83,20.1
"Mean Wage",2024,"Northern Ireland","Hourly (excluding overtime)","Part-Time",15.51,15.42,15.78
"Mean Wage",2024,"Northern Ireland","Weekly","All",621.4,533.6,714.5
"Mean Wage",2024,"Northern Ireland","Weekly","Full-Time",764.3,707.7,807.2
"Mean Wage",2024,"Northern Ireland","Weekly","Part-Time",279.6,282.7,271.8
"Mean Wage",2024,"Antrim and Newtownabbey","Hourly (excluding overtime)","All",19.11,17.7,20.43
"Mean Wage",2024,"Antrim and Newtownabbey","Hourly (excluding overtime)","Full-Time",19.65,18.42,20.59
"Mean Wage",2024,"Antrim and Newtownabbey","Hourly (excluding overtime)","Part-Time",16.19,15.53,NA
"Mean Wage",2024,"Antrim and Newtownabbey","Weekly","All",635.4,527.8,759.7
"Mean Wage",2024,"Antrim and Newtownabbey","Weekly","Full-Time",767.9,696.7,824.7
"Mean Wage",2024,"Antrim and Newtownabbey","Weekly","Part-Time",303.2,282.4,NA
"Mean Wage",2024,"Armagh City, Banbridge and Craigavon","Hourly (excluding overtime)","All",18.65,17.96,19.36
"Mean Wage",2024,"Armagh City, Banbridge and Craigavon","Hourly (excluding overtime)","Full-Time",19.32,18.95,19.6
"Mean Wage",2024,"Armagh City, Banbridge and Craigavon","Hourly (excluding overtime)","Part-Time",15.8,15.57,NA
"Mean Wage",2024,"Armagh City, Banbridge and Craigavon","Weekly","All",610.3,529.9,709.6
"Mean Wage",2024,"Armagh City, Banbridge and Craigavon","Weekly","Full-Time",761.1,704.1,809.2
"Mean Wage",2024,"Armagh City, Banbridge and Craigavon","Weekly","Part-Time",301.3,311.3,271.6
"Mean Wage",2024,"Belfast","Hourly (excluding overtime)","All",21.04,19.98,22
"Mean Wage",2024,"Belfast","Hourly (excluding overtime)","Full-Time",21.64,20.75,22.36
"Mean Wage",2024,"Belfast","Hourly (excluding overtime)","Part-Time",16.76,16.54,17.3
"Mean Wage",2024,"Belfast","Weekly","All",708.3,630.2,788.4
"Mean Wage",2024,"Belfast","Weekly","Full-Time",827.5,776.8,869.4
"Mean Wage",2024,"Belfast","Weekly","Part-Time",307.5,306.9,309
"Mean Wage",2024,"Causeway Coast and Glens","Hourly (excluding overtime)","All",16.52,16.32,16.71
"Mean Wage",2024,"Causeway Coast and Glens","Hourly (excluding overtime)","Full-Time",17.1,17.35,16.92
"Mean Wage",2024,"Causeway Coast and Glens","Hourly (excluding overtime)","Part-Time",14.22,14.02,14.8
"Mean Wage",2024,"Causeway Coast and Glens","Weekly","All",522.5,456.2,599
"Mean Wage",2024,"Causeway Coast and Glens","Weekly","Full-Time",665.4,637.2,686.9
"Mean Wage",2024,"Causeway Coast and Glens","Weekly","Part-Time",257.1,256.2,259.5
"Mean Wage",2024,"Derry City and Strabane","Hourly (excluding overtime)","All",17.83,16.78,18.89
"Mean Wage",2024,"Derry City and Strabane","Hourly (excluding overtime)","Full-Time",18.46,17.71,19.06
"Mean Wage",2024,"Derry City and Strabane","Hourly (excluding overtime)","Part-Time",15.27,14.45,17.45
"Mean Wage",2024,"Derry City and Strabane","Weekly","All",561.6,477.7,661.7
"Mean Wage",2024,"Derry City and Strabane","Weekly","Full-Time",718.8,653.7,774.5
"Mean Wage",2024,"Derry City and Strabane","Weekly","Part-Time",268,260.6,285.1
"Mean Wage",2024,"Fermanagh and Omagh","Hourly (excluding overtime)","All",17.81,17.36,18.2
"Mean Wage",2024,"Fermanagh and Omagh","Hourly (excluding overtime)","Full-Time",18.45,17.76,18.89
"Mean Wage",2024,"Fermanagh and Omagh","Hourly (excluding overtime)","Part-Time",15.34,16.55,11.68
"Mean Wage",2024,"Fermanagh and Omagh","Weekly","All",557.5,482.7,638.1
"Mean Wage",2024,"Fermanagh and Omagh","Weekly","Full-Time",719.9,671.6,751.9
"Mean Wage",2024,"Fermanagh and Omagh","Weekly","Part-Time",271.2,300.8,191.2
"Mean Wage",2024,"Lisburn and Castlereagh","Hourly (excluding overtime)","All",18.59,17.22,19.97
"Mean Wage",2024,"Lisburn and Castlereagh","Hourly (excluding overtime)","Full-Time",19.29,17.79,20.55
"Mean Wage",2024,"Lisburn and Castlereagh","Hourly (excluding overtime)","Part-Time",15.44,15.55,15.16
"Mean Wage",2024,"Lisburn and Castlereagh","Weekly","All",596.4,500.4,711.7
"Mean Wage",2024,"Lisburn and Castlereagh","Weekly","Full-Time",761.4,672.6,839.8
"Mean Wage",2024,"Lisburn and Castlereagh","Weekly","Part-Time",267.2,270.1,260.3
"Mean Wage",2024,"Mid and East Antrim","Hourly (excluding overtime)","All",17.8,16.66,18.66
"Mean Wage",2024,"Mid and East Antrim","Hourly (excluding overtime)","Full-Time",18.07,17.32,18.49
"Mean Wage",2024,"Mid and East Antrim","Hourly (excluding overtime)","Part-Time",16.44,15.1,21.15
"Mean Wage",2024,"Mid and East Antrim","Weekly","All",585.2,478.1,684.3
"Mean Wage",2024,"Mid and East Antrim","Weekly","Full-Time",719.8,654.8,757.9
"Mean Wage",2024,"Mid and East Antrim","Weekly","Part-Time",281.6,275.9,NA
"Mean Wage",2024,"Mid Ulster","Hourly (excluding overtime)","All",16.61,15.64,17.14
"Mean Wage",2024,"Mid Ulster","Hourly (excluding overtime)","Full-Time",16.83,15.57,17.39
"Mean Wage",2024,"Mid Ulster","Hourly (excluding overtime)","Part-Time",15.16,15.86,13.55
"Mean Wage",2024,"Mid Ulster","Weekly","All",585.9,469.4,666.8
"Mean Wage",2024,"Mid Ulster","Weekly","Full-Time",691,601,732.7
"Mean Wage",2024,"Mid Ulster","Weekly","Part-Time",276.1,290.9,243.7
"Mean Wage",2024,"Newry, Mourne and Down","Hourly (excluding overtime)","All",17.14,16.55,17.73
"Mean Wage",2024,"Newry, Mourne and Down","Hourly (excluding overtime)","Full-Time",18.05,17.68,18.36
"Mean Wage",2024,"Newry, Mourne and Down","Hourly (excluding overtime)","Part-Time",13.5,13.75,12.86
"Mean Wage",2024,"Newry, Mourne and Down","Weekly","All",546.1,483.9,620.3
"Mean Wage",2024,"Newry, Mourne and Down","Weekly","Full-Time",713,679.1,741.6
"Mean Wage",2024,"Newry, Mourne and Down","Weekly","Part-Time",240.8,250.7,217.6
"Mean Wage",2024,"Ards and North Down","Hourly (excluding overtime)","All",16.74,16.09,17.48
"Mean Wage",2024,"Ards and North Down","Hourly (excluding overtime)","Full-Time",17.64,16.92,18.26
"Mean Wage",2024,"Ards and North Down","Hourly (excluding overtime)","Part-Time",13.96,14.49,12.38
"Mean Wage",2024,"Ards and North Down","Weekly","All",488.9,426.6,577.2
"Mean Wage",2024,"Ards and North Down","Weekly","Full-Time",671.8,631.6,708.1
"Mean Wage",2024,"Ards and North Down","Weekly","Part-Time",237.9,246.2,214.3
"Mean Wage",2025,"Northern Ireland","Hourly (excluding overtime)","All",20.27,19.26,21.21
"Mean Wage",2025,"Northern Ireland","Hourly (excluding overtime)","Full-Time",20.97,20.1,21.63
"Mean Wage",2025,"Northern Ireland","Hourly (excluding overtime)","Part-Time",16.7,16.84,16.27
"Mean Wage",2025,"Northern Ireland","Weekly","All",665.9,573,768.7
"Mean Wage",2025,"Northern Ireland","Weekly","Full-Time",818.2,758.4,864.4
"Mean Wage",2025,"Northern Ireland","Weekly","Part-Time",304.8,312.8,282.4
"Mean Wage",2025,"Antrim and Newtownabbey","Hourly (excluding overtime)","All",20.58,18.73,22.22
"Mean Wage",2025,"Antrim and Newtownabbey","Hourly (excluding overtime)","Full-Time",21.09,19.34,22.33
"Mean Wage",2025,"Antrim and Newtownabbey","Hourly (excluding overtime)","Part-Time",17.7,16.93,NA
"Mean Wage",2025,"Antrim and Newtownabbey","Weekly","All",693.8,565.4,831.3
"Mean Wage",2025,"Antrim and Newtownabbey","Weekly","Full-Time",833.6,730,910.4
"Mean Wage",2025,"Antrim and Newtownabbey","Weekly","Part-Time",325.4,321.5,NA
"Mean Wage",2025,"Armagh City, Banbridge and Craigavon","Hourly (excluding overtime)","All",19.39,18.69,20.13
"Mean Wage",2025,"Armagh City, Banbridge and Craigavon","Hourly (excluding overtime)","Full-Time",20.04,19.33,20.63
"Mean Wage",2025,"Armagh City, Banbridge and Craigavon","Hourly (excluding overtime)","Part-Time",16.33,16.93,14.16
"Mean Wage",2025,"Armagh City, Banbridge and Craigavon","Weekly","All",645.2,572.2,734.3
"Mean Wage",2025,"Armagh City, Banbridge and Craigavon","Weekly","Full-Time",790.8,744.1,830.7
"Mean Wage",2025,"Armagh City, Banbridge and Craigavon","Weekly","Part-Time",313.5,333.3,253
"Mean Wage",2025,"Belfast","Hourly (excluding overtime)","All",22.33,21.17,23.4
"Mean Wage",2025,"Belfast","Hourly (excluding overtime)","Full-Time",22.98,21.9,23.83
"Mean Wage",2025,"Belfast","Hourly (excluding overtime)","Part-Time",17.95,18.18,17.36
"Mean Wage",2025,"Belfast","Weekly","All",742.7,655.6,833.7
"Mean Wage",2025,"Belfast","Weekly","Full-Time",878.5,822.8,923.3
"Mean Wage",2025,"Belfast","Weekly","Part-Time",317.6,328.8,289.7
"Mean Wage",2025,"Causeway Coast and Glens","Hourly (excluding overtime)","All",17.56,17.69,17.43
"Mean Wage",2025,"Causeway Coast and Glens","Hourly (excluding overtime)","Full-Time",18,18.65,17.51
"Mean Wage",2025,"Causeway Coast and Glens","Hourly (excluding overtime)","Part-Time",16.18,15.84,16.99
"Mean Wage",2025,"Causeway Coast and Glens","Weekly","All",544.3,491.9,607.6
"Mean Wage",2025,"Causeway Coast and Glens","Weekly","Full-Time",695.7,687,702.8
"Mean Wage",2025,"Causeway Coast and Glens","Weekly","Part-Time",308.7,299.7,330.1
"Mean Wage",2025,"Derry City and Strabane","Hourly (excluding overtime)","All",19.47,18.67,20.26
"Mean Wage",2025,"Derry City and Strabane","Hourly (excluding overtime)","Full-Time",20.1,19.6,20.49
"Mean Wage",2025,"Derry City and Strabane","Hourly (excluding overtime)","Part-Time",16.6,16.29,17.64
"Mean Wage",2025,"Derry City and Strabane","Weekly","All",623.5,540.4,723
"Mean Wage",2025,"Derry City and Strabane","Weekly","Full-Time",765.6,711.1,810.6
"Mean Wage",2025,"Derry City and Strabane","Weekly","Part-Time",308,311.5,297.4
"Mean Wage",2025,"Fermanagh and Omagh","Hourly (excluding overtime)","All",19.6,19.29,19.86
"Mean Wage",2025,"Fermanagh and Omagh","Hourly (excluding overtime)","Full-Time",20.36,20.34,20.37
"Mean Wage",2025,"Fermanagh and Omagh","Hourly (excluding overtime)","Part-Time",16.28,17.08,13.3
"Mean Wage",2025,"Fermanagh and Omagh","Weekly","All",631.3,540.9,728.9
"Mean Wage",2025,"Fermanagh and Omagh","Weekly","Full-Time",794.1,745.2,826.8
"Mean Wage",2025,"Fermanagh and Omagh","Weekly","Part-Time",297.5,320.1,225.2
"Mean Wage",2025,"Lisburn and Castlereagh","Hourly (excluding overtime)","All",20.48,18.59,22.32
"Mean Wage",2025,"Lisburn and Castlereagh","Hourly (excluding overtime)","Full-Time",21.08,19.15,22.58
"Mean Wage",2025,"Lisburn and Castlereagh","Hourly (excluding overtime)","Part-Time",17.49,17.05,19.03
"Mean Wage",2025,"Lisburn and Castlereagh","Weekly","All",667.3,552.2,800.9
"Mean Wage",2025,"Lisburn and Castlereagh","Weekly","Full-Time",833.6,739.3,908.4
"Mean Wage",2025,"Lisburn and Castlereagh","Weekly","Part-Time",308,311.1,NA
"Mean Wage",2025,"Mid and East Antrim","Hourly (excluding overtime)","All",18.49,17.39,19.39
"Mean Wage",2025,"Mid and East Antrim","Hourly (excluding overtime)","Full-Time",19.03,17.77,19.83
"Mean Wage",2025,"Mid and East Antrim","Hourly (excluding overtime)","Part-Time",15.73,16.4,13.63
"Mean Wage",2025,"Mid and East Antrim","Weekly","All",624,515.3,734.2
"Mean Wage",2025,"Mid and East Antrim","Weekly","Full-Time",758.4,678.3,811.5
"Mean Wage",2025,"Mid and East Antrim","Weekly","Part-Time",292.5,304.2,255.4
"Mean Wage",2025,"Mid Ulster","Hourly (excluding overtime)","All",18.05,17.36,18.52
"Mean Wage",2025,"Mid Ulster","Hourly (excluding overtime)","Full-Time",18.7,18.54,18.78
"Mean Wage",2025,"Mid Ulster","Hourly (excluding overtime)","Part-Time",14.35,14.31,14.47
"Mean Wage",2025,"Mid Ulster","Weekly","All",618,508.4,712.4
"Mean Wage",2025,"Mid Ulster","Weekly","Full-Time",757.6,702.7,788
"Mean Wage",2025,"Mid Ulster","Weekly","Part-Time",256.4,265.5,230.9
"Mean Wage",2025,"Newry, Mourne and Down","Hourly (excluding overtime)","All",18.59,17.9,19.44
"Mean Wage",2025,"Newry, Mourne and Down","Hourly (excluding overtime)","Full-Time",19.37,18.64,20.03
"Mean Wage",2025,"Newry, Mourne and Down","Hourly (excluding overtime)","Part-Time",16.23,16.52,15.27
"Mean Wage",2025,"Newry, Mourne and Down","Weekly","All",576.8,502.4,687.9
"Mean Wage",2025,"Newry, Mourne and Down","Weekly","Full-Time",761.4,717.5,801.8
"Mean Wage",2025,"Newry, Mourne and Down","Weekly","Part-Time",306.9,307.4,305.2
"Mean Wage",2025,"Ards and North Down","Hourly (excluding overtime)","All",18.04,17.63,18.52
"Mean Wage",2025,"Ards and North Down","Hourly (excluding overtime)","Full-Time",18.87,18.35,19.37
"Mean Wage",2025,"Ards and North Down","Hourly (excluding overtime)","Part-Time",15.51,16.13,14.02
"Mean Wage",2025,"Ards and North Down","Weekly","All",535.4,486.5,602
"Mean Wage",2025,"Ards and North Down","Weekly","Full-Time",722,690.6,752.4
"Mean Wage",2025,"Ards and North Down","Weekly","Part-Time",274.1,284.6,250.3
